peptide,source,restraint_source,frame_type,str_id,category,intensity,mr_pair,canon_pairs,upper,md_r6,md_p5,md_p95,dev,violates,status
7L9D,7l9d_nmr-data.str,.str,general,1,vW,1,r1:HN-r2:HA,1:H-2:HA,6.000,4.507,4.176,4.832,-1.493,False,ok
7L9D,7l9d_nmr-data.str,.str,general,2,,,r1:HN-r4:HG1*,1:H-4:HG12;1:H-4:HG13,6.000,5.007,4.368,6.086,-0.993,False,ok
7L9D,7l9d_nmr-data.str,.str,general,3,,,r1:HN-r4:HB*,1:H-4:HB,6.000,2.919,2.535,3.587,-3.081,False,ok
7L9D,7l9d_nmr-data.str,.str,general,4,,,r1:HB*-r4:HB*,1:HB1-4:HB;1:HB2-4:HB;1:HB3-4:HB,6.000,4.482,3.919,5.824,-1.518,False,ok
7L9D,7l9d_nmr-data.str,.str,general,5,,,r2:HA-r3:HD*,2:HA-3:HD2;2:HA-3:HD3,6.000,4.537,4.403,4.729,-1.463,False,ok
7L9D,7l9d_nmr-data.str,.str,general,6,,,r3:HA-r2:HD*,3:HA-2:HD1;3:HA-2:HD2,6.000,3.287,2.873,4.231,-2.713,False,ok
7L9D,7l9d_nmr-data.str,.str,general,7,,,r3:HB*-r2:HD*,3:HB2-2:HD1;3:HB2-2:HD2;3:HB3-2:HD1;3:HB3-2:HD2,6.000,4.595,4.063,6.483,-1.405,False,ok
7L9D,7l9d_nmr-data.str,.str,general,8,,,r3:HD*-r2:HD*,3:HD2-2:HD1;3:HD2-2:HD2;3:HD3-2:HD1;3:HD3-2:HD2,6.000,4.123,3.450,6.962,-1.877,False,ok
7L9D,7l9d_nmr-data.str,.str,general,9,vW,1,r4:HN-r5:HA,4:H-5:HA,6.000,5.475,5.212,5.783,-0.525,False,ok
7L9D,7l9d_nmr-data.str,.str,general,10,,,r5:HD1-r4:HG2*,5:HD3-4:HG21;5:HD3-4:HG22;5:HD3-4:HG23,6.000,4.076,3.641,4.578,-1.924,False,ok
7L9D,7l9d_nmr-data.str,.str,general,11,,,r6:HN-r5:HB*,6:H-5:HB2;6:H-5:HB3,6.000,4.486,4.138,4.667,-1.514,False,ok
7L9D,7l9d_nmr-data.str,.str,general,12,,,r6:HN-r4:HG2*,6:H-4:HG21;6:H-4:HG22;6:H-4:HG23,6.000,2.750,2.231,3.773,-3.250,False,ok
7L9D,7l9d_nmr-data.str,.str,general,13,,,r6:HN-r4:HG1*,6:H-4:HG12;6:H-4:HG13,6.000,5.499,5.292,6.086,-0.501,False,ok
7L9D,7l9d_nmr-data.str,.str,general,14,vW,2,r6:HA-r5:HA,6:HA-5:HA,6.000,4.449,4.190,4.760,-1.551,False,ok
7L9D,7l9d_nmr-data.str,.str,NOE,1,M,8,r2:HA-r4:HN,2:HA-4:H,3.500,2.716,2.364,3.270,-0.784,False,ok
7L9D,7l9d_nmr-data.str,.str,NOE,2,,,r2:HA-r2:HD*,2:HA-2:HD1;2:HA-2:HD2,5.000,3.192,2.805,3.807,-1.808,False,ok
7L9D,7l9d_nmr-data.str,.str,NOE,3,S,10,r2:HA-r3:HA,2:HA-3:HA,3.500,2.195,1.981,2.540,-1.305,False,ok
7L9D,7l9d_nmr-data.str,.str,NOE,4,,,r2:HD*-r2:HB*,2:HD1-2:HB2;2:HD1-2:HB3;2:HD2-2:HB2;2:HD2-2:HB3,5.000,2.731,2.604,2.871,-2.269,False,ok
7L9D,7l9d_nmr-data.str,.str,NOE,5,W,4,r3:HA-r4:HB,3:HA-4:HB,5.000,5.696,5.493,5.983,0.696,True,ok
7L9D,7l9d_nmr-data.str,.str,NOE,6,vW,1,r4:HN-r3:HA,4:H-3:HA,5.000,3.313,3.136,3.572,-1.687,False,ok
7L9D,7l9d_nmr-data.str,.str,NOE,7,vW,1,r4:HN-r3:HD1,4:H-3:HD3,5.000,4.176,3.854,4.575,-0.824,False,ok
7L9D,7l9d_nmr-data.str,.str,NOE,8,S,9,r4:HA-r5:HD1,4:HA-5:HD3,2.700,2.220,1.979,2.612,-0.480,False,ok
7L9D,7l9d_nmr-data.str,.str,NOE,9,S,9,r4:HA-r5:HD2,4:HA-5:HD2,2.700,2.360,2.100,2.883,-0.340,False,ok
7L9D,7l9d_nmr-data.str,.str,NOE,10,S,9,r5:HA-r6:HN,5:HA-6:H,3.500,2.836,2.566,3.484,-0.664,False,ok
7L96,7l96_nmr-data.str,.str,NOE,1,vW,2,r1:HA-r1:HN,1:HA-1:H,6.000,2.965,2.886,3.055,-3.035,False,ok
7L96,7l96_nmr-data.str,.str,NOE,2,M,7,r1:HA-r2:HN,1:HA-2:H,3.500,2.746,2.162,3.467,-0.754,False,ok
7L96,7l96_nmr-data.str,.str,NOE,3,M,6,r1:HN-r2:HN,1:H-2:H,3.500,2.385,2.023,4.016,-1.115,False,ok
7L96,7l96_nmr-data.str,.str,NOE,4,W,4,r2:HA-r2:HN,2:HA-2:H,5.000,2.900,2.769,3.034,-2.100,False,ok
7L96,7l96_nmr-data.str,.str,NOE,5,W,4,r3:HA-r4:HN,3:HA-4:H,5.000,3.400,3.106,3.606,-1.600,False,ok
7L96,7l96_nmr-data.str,.str,NOE,6,W,4,r3:HA-r3:HN,3:HA-3:H,5.000,2.906,2.761,3.030,-2.094,False,ok
7L96,7l96_nmr-data.str,.str,NOE,7,M,7,r3:HN-r4:HN,3:H-4:H,3.500,2.366,1.890,3.050,-1.134,False,ok
7L96,7l96_nmr-data.str,.str,NOE,8,S,10,r4:HA-r5:HD1,4:HA-5:HD3,3.000,2.338,2.032,2.909,-0.662,False,ok
7L96,7l96_nmr-data.str,.str,NOE,9,S,10,r4:HA-r5:HD2,4:HA-5:HD2,3.000,2.392,2.068,3.147,-0.608,False,ok
7L96,7l96_nmr-data.str,.str,NOE,10,W,5,r6:H4-r1:HN,6:HA-1:H,5.000,2.787,2.489,3.331,-2.213,False,ok
7L96,7l96_nmr-data.str,.str,NOE,11,W,3,r6:H4-r2:HN,6:HA-2:H,5.000,3.325,2.812,5.201,-1.675,False,ok
7L96,7l96_nmr-data.str,.str,general,1,vW,2,r2:HA-r3:HN,2:HA-3:H,6.000,2.364,2.038,2.914,-3.636,False,ok
7L96,7l96_nmr-data.str,.str,general,2,vW,1,r4:HN-r2:HN,4:H-2:H,6.000,3.519,3.005,4.731,-2.481,False,ok
7L96,7l96_nmr-data.str,.str,general,3,vW,1,r4:HN-r1:HN,4:H-1:H,6.000,3.694,3.309,4.283,-2.306,False,ok
7L96,7l96_nmr-data.str,.str,general,4,vW,1,r5:HA-r1:HN,5:HA-1:H,6.000,3.432,2.996,3.941,-2.568,False,ok
7L96,7l96_nmr-data.str,.str,general,5,,,r5:HD2-r4:HB*,5:HD2-4:HB2;5:HD2-4:HB3,6.000,2.799,2.398,4.666,-3.201,False,ok
7L96,7l96_nmr-data.str,.str,general,6,,,r5:HD2-r4:HD*,5:HD2-4:HD11;5:HD2-4:HD12;5:HD2-4:HD13;5:HD2-4:HD21;5:HD2-4:HD22;5:HD2-4:HD23,6.000,3.510,2.944,4.938,-2.490,False,ok
7L98,7l98_nmr-data.str,.str,general,1,vW,1,r1:HN-r2:HA,2:H-3:HA,6.000,,,,,,no_atoms
7L98,7l98_nmr-data.str,.str,general,2,,,r1:HN-r4:HG1*,2:H-5:HG12;2:H-5:HG13,6.000,,,,,,no_atoms
7L98,7l98_nmr-data.str,.str,general,3,,,r1:HN-r4:HB*,2:H-5:HB,6.000,,,,,,no_atoms
7L98,7l98_nmr-data.str,.str,general,4,,,r1:HB*-r4:HB*,2:HB1-5:HB;2:HB2-5:HB;2:HB3-5:HB,6.000,,,,,,no_atoms
7L98,7l98_nmr-data.str,.str,general,5,,,r2:HA-r3:HD*,3:HA-4:HD2;3:HA-4:HD3,6.000,,,,,,no_atoms
7L98,7l98_nmr-data.str,.str,general,6,vW,1,r4:HN-r5:HA,5:H-6:HA,6.000,,,,,,no_atoms
7L98,7l98_nmr-data.str,.str,general,7,,,r5:HD1-r4:HG2*,6:HD3-5:HG21;6:HD3-5:HG22;6:HD3-5:HG23,6.000,,,,,,no_atoms
7L98,7l98_nmr-data.str,.str,general,8,,,r6:HN-r5:HB*,1:H-6:HB2;1:H-6:HB3,6.000,,,,,,no_atoms
7L98,7l98_nmr-data.str,.str,general,9,,,r6:HN-r4:HG2*,1:H-5:HG21;1:H-5:HG22;1:H-5:HG23,6.000,,,,,,no_atoms
7L98,7l98_nmr-data.str,.str,general,10,,,r6:HN-r4:HG1*,1:H-5:HG12;1:H-5:HG13,6.000,,,,,,no_atoms
7L98,7l98_nmr-data.str,.str,general,11,vW,2,r6:HA-r5:HA,1:HA-6:HA,6.000,7.532,7.035,8.274,1.532,True,ok
7L98,7l98_nmr-data.str,.str,NOE,1,M,8,r2:HA-r4:HN,3:HA-5:H,3.500,,,,,,no_atoms
7L98,7l98_nmr-data.str,.str,NOE,2,S,10,r2:HA-r3:HA,3:HA-4:HA,3.500,4.652,4.268,5.001,1.152,True,ok
7L98,7l98_nmr-data.str,.str,NOE,3,vW,1,r4:HN-r3:HD1,5:H-4:HD3,5.000,,,,,,no_atoms
7L98,7l98_nmr-data.str,.str,NOE,4,S,9,r4:HA-r5:HD1,5:HA-6:HD3,2.700,6.098,4.795,7.618,3.398,True,ok
7L98,7l98_nmr-data.str,.str,NOE,5,S,9,r4:HA-r5:HD2,5:HA-6:HD2,2.700,6.167,5.068,7.573,3.467,True,ok
7L98,7l98_nmr-data.str,.str,NOE,6,,,r5:HA-r6:HN,6:HA-1:H,3.500,5.143,4.651,5.719,1.643,True,ok
