peptide,format,mr_pair,traj_pair,category,intensity,upper_A,md_r6_A,md_mean_A,md_p5_A,md_p95_A,dev_A,violates,status,comment
7L9D,XPLOR,r1:HN-r2:HA,r1:H-r2:HA,vW,1,6.000,4.507,4.540,4.176,4.832,-1.493,False,ok,1 vw
7L9D,XPLOR,r2:HA-r4:HN,r2:HA-r4:H,M,8,3.500,2.716,2.808,2.364,3.270,-0.784,False,ok,(8)M
7L9D,XPLOR,r2:HA-r3:HA,r2:HA-r3:HA,S,10,3.500,2.195,2.238,1.981,2.540,-1.305,False,ok,"(10)S, CIS AMIDE BOND change"
7L9D,XPLOR,r3:HA-r4:HB,r3:HA-r4:HB,W,4,5.000,5.696,5.712,5.493,5.983,0.696,True,ok,4 W
7L9D,XPLOR,r4:HN-r5:HA,r4:H-r5:HA,vW,1,6.000,5.475,5.496,5.212,5.783,-0.525,False,ok,1 VW
7L9D,XPLOR,r4:HN-r3:HA,r4:H-r3:HA,vW,1,5.000,3.313,3.332,3.136,3.572,-1.687,False,ok,1 VW
7L9D,XPLOR,r4:HN-r3:HD1,r4:H-r3:HD2,vW,1,5.000,3.018,3.133,2.621,3.712,-1.982,False,ok,1 VW
7L9D,XPLOR,r4:HA-r5:HD1,r4:HA-r5:HD2,S,9,2.700,2.360,2.432,2.100,2.883,-0.340,False,ok,9
7L9D,XPLOR,r4:HA-r5:HD2,r4:HA-r5:HD2,S,9,2.700,2.360,2.432,2.100,2.883,-0.340,False,ok,9
7L9D,XPLOR,r5:HA-r6:HN,r5:HA-r6:H,S,9,3.500,2.836,2.898,2.566,3.484,-0.664,False,ok,9 change
7L9D,XPLOR,r6:HA-r5:HA,r6:HA-r5:HA,vW,2,6.000,4.449,4.473,4.190,4.760,-1.551,False,ok,2
7L96,XPLOR,r1:HA-r1:HN,r1:HA-r1:H,vW,2,6.000,2.965,2.969,2.886,3.055,-3.035,False,ok,(2)vw
7L96,XPLOR,r1:HA-r2:HN,r1:HA-r2:H,M,7,3.500,2.746,3.034,2.162,3.467,-0.754,False,ok,(7)m
7L96,XPLOR,r1:HN-r2:HN,r1:H-r2:H,M,6,3.500,2.385,2.687,2.023,4.016,-1.115,False,ok,(6)m
7L96,XPLOR,r2:HA-r2:HN,r2:HA-r2:H,W,4,5.000,2.900,2.908,2.769,3.034,-2.100,False,ok,(4)w
7L96,XPLOR,r2:HA-r3:HN,r2:HA-r3:H,vW,2,6.000,2.364,2.461,2.038,2.914,-3.636,False,ok,(2)vW
7L96,XPLOR,r3:HA-r4:HN,r3:HA-r4:H,W,4,5.000,3.400,3.431,3.106,3.606,-1.600,False,ok,(4)w
7L96,XPLOR,r3:HA-r3:HN,r3:HA-r3:H,W,4,5.000,2.906,2.914,2.761,3.030,-2.094,False,ok,(4)w
7L96,XPLOR,r3:HN-r4:HN,r3:H-r4:H,M,7,3.500,2.366,2.548,1.890,3.050,-1.134,False,ok,(7)m
7L96,XPLOR,r4:HN-r2:HN,r4:H-r2:H,vW,1,6.000,3.519,3.801,3.005,4.731,-2.481,False,ok,(1)v w
7L96,XPLOR,r4:HA-r5:HD1,r4:HA-r5:HD2,S,10,3.000,2.392,2.527,2.068,3.147,-0.608,False,ok,(10)
7L96,XPLOR,r4:HA-r5:HD2,r4:HA-r5:HD2,S,10,3.000,2.392,2.527,2.068,3.147,-0.608,False,ok,(10)
7L96,XPLOR,r4:HN-r1:HN,r4:H-r1:H,vW,1,6.000,3.694,3.800,3.309,4.283,-2.306,False,ok,(1)vW
7L96,XPLOR,r5:HA-r1:HN,r5:HA-r1:H,vW,1,6.000,3.432,3.528,2.996,3.941,-2.568,False,ok,(1)vw
7L96,XPLOR,r6:H4-r1:HN,[unresolved ta1=None ta2=H],W,5,,,,,,,,atom_missing,(5)w
7L96,XPLOR,r6:H4-r2:HN,[unresolved ta1=None ta2=H],W,3,,,,,,,,atom_missing,(3)v
7L98,XPLOR,r1:HN-r2:HA,r1:H-r2:HA,vW,1,6.000,4.320,4.394,3.952,4.754,-1.680,False,ok,1 vw
7L98,XPLOR,r2:HA-r4:HN,r2:HA-r4:H,M,8,3.500,2.579,2.797,2.087,3.536,-0.921,False,ok,(8)M
7L98,XPLOR,r2:HA-r3:HA,r2:HA-r3:HA,S,10,3.500,2.078,2.130,1.867,2.468,-1.422,False,ok,"(10)S, CIS AMIDE BOND change"
7L98,XPLOR,r3:HA-r4:HB,r3:HA-r4:HB,W,4,5.000,5.217,5.339,4.575,5.850,0.217,True,ok,4 W
7L98,XPLOR,r4:HN-r5:HA,r4:H-r5:HA,vW,1,6.000,5.194,5.294,4.657,5.769,-0.806,False,ok,1 VW
7L98,XPLOR,r4:HN-r3:HA,r4:H-r3:HA,vW,1,5.000,2.660,2.940,2.163,3.460,-2.340,False,ok,1 VW
7L98,XPLOR,r4:HN-r3:HD1,r4:H-r3:HD2,vW,1,5.000,3.186,3.670,2.635,5.092,-1.814,False,ok,1 VW
7L98,XPLOR,r4:HA-r5:HD1,r4:HA-r5:HD2,S,9,2.700,2.481,2.579,2.121,3.066,-0.219,False,ok,9
7L98,XPLOR,r4:HA-r5:HD2,r4:HA-r5:HD2,S,9,2.700,2.481,2.579,2.121,3.066,-0.219,False,ok,9
7L98,XPLOR,r5:HA-r6:H1,r5:HA-r6:H,S,9,3.500,2.163,2.197,1.994,2.514,-1.337,False,ok,9 change
7L98,XPLOR,r6:HA-r5:HA,r6:HA-r5:HA,vW,2,6.000,4.249,4.265,4.039,4.479,-1.751,False,ok,2
7UBG,CYANA,r1:HA-r3:HN,r1:HA-r3:H,vW,,5.270,3.528,3.652,3.105,4.302,-1.742,False,ok,DPR - ALA
7UBG,CYANA,r1:HD2-r9:HA,r1:HD2-r9:HA,W,,3.680,2.247,2.318,2.023,2.736,-1.433,False,ok,DPR - DLE
7UBG,CYANA,r1:HD3-r9:HA,r1:HD3-r9:HA,W,,3.680,2.513,2.649,2.129,3.151,-1.167,False,ok,DPR - DLE
7UBG,CYANA,r2:HA-r3:HN,r2:HA-r3:H,W,,3.530,2.653,2.712,2.377,3.023,-0.877,False,ok,MAA - ALA
7UBG,CYANA,r2:HA-r4:HN,r2:HA-r4:H,W,,4.790,3.562,3.675,3.157,4.243,-1.228,False,ok,MAA - DVA
7UBG,CYANA,r3:HN-r4:HN,r3:H-r4:H,M,,3.430,2.224,2.441,1.849,3.074,-1.206,False,ok,ALA - DVA
7UBG,CYANA,r3:HN-r4:HA,r3:H-r4:HA,vW,,5.500,4.987,5.083,4.564,5.602,-0.513,False,ok,ALA - DVA
7UBG,CYANA,r3:HN-r6:HN,r3:H-r6:H,vW,,5.500,5.844,5.912,5.366,6.413,0.344,True,ok,ALA - LEU
7UBG,CYANA,r3:HN-r7:HN,r3:H-r7:H,vW,,5.500,5.358,5.462,4.873,6.158,-0.142,False,ok,ALA - LEU
7UBG,CYANA,r4:HN-r4:HB,r4:H-r4:HB,W,,3.720,2.529,2.703,2.229,3.687,-1.191,False,ok,DVA - DVA
7UBG,CYANA,r4:HN-r6:HB2,r4:H-r6:HB2,vW,,5.500,5.456,5.669,4.664,6.869,-0.044,False,ok,DVA - LEU
7UBG,CYANA,r4:HA-r5:HA,r4:HA-r5:HA,vW,,5.500,4.522,4.529,4.365,4.685,-0.978,False,ok,DVA - MLE
7UBG,CYANA,r4:HA-r6:HN,r4:HA-r6:H,W,,4.650,3.908,4.039,3.439,4.629,-0.742,False,ok,DVA - LEU
7UBG,CYANA,r4:HB-r6:HN,r4:HB-r6:H,vW,,5.500,5.104,5.192,4.679,5.693,-0.396,False,ok,DVA - LEU
7UBG,CYANA,r5:HA-r7:HN,r5:HA-r7:H,vW,,5.050,3.737,3.928,3.146,4.647,-1.313,False,ok,MLE - LEU
7UBG,CYANA,r5:HA-r9:HN,r5:HA-r9:H,vW,,5.500,4.342,5.479,3.361,7.324,-1.158,False,ok,MLE - DLE
7UBG,CYANA,r6:HN-r6:HB2,r6:H-r6:HB2,M,,3.490,2.566,2.659,2.329,3.291,-0.924,False,ok,LEU - LEU
7UBG,CYANA,r6:HN-r6:HG,r6:H-r6:HG,W,,3.830,2.845,3.309,2.297,4.711,-0.985,False,ok,LEU - LEU
7UBG,CYANA,r6:HN-r7:HN,r6:H-r7:H,W,,3.670,2.068,2.207,1.750,2.688,-1.602,False,ok,LEU - LEU
7UBG,CYANA,r6:HA-r6:HG,r6:HA-r6:HG,W,,4.220,3.053,3.104,2.743,3.408,-1.167,False,ok,LEU - LEU
7UBG,CYANA,r6:HB2-r7:HN,r6:HB2-r7:H,vW,,5.080,2.821,3.165,2.301,4.200,-2.259,False,ok,LEU - LEU
7UBG,CYANA,r6:HB3-r7:HN,r6:HB3-r7:H,vW,,5.500,3.179,3.561,2.505,4.240,-2.321,False,ok,LEU - LEU
7UBG,CYANA,r7:HN-r7:HG,r7:H-r7:HG,vW,,5.070,3.329,3.492,2.904,3.979,-1.741,False,ok,LEU - LEU
7UBG,CYANA,r7:HA-r7:HG,r7:HA-r7:HG,W,,3.890,3.012,3.074,2.682,3.358,-0.878,False,ok,LEU - LEU
7UBG,CYANA,r7:HA-r8:HD2,r7:HA-r8:HD2,W,,3.670,2.668,2.839,2.296,3.410,-1.002,False,ok,LEU - PRO
7UBG,CYANA,r7:HA-r8:HD3,r7:HA-r8:HD3,W,,3.670,2.220,2.279,1.992,2.628,-1.450,False,ok,LEU - PRO
7UBG,CYANA,r8:HA-r9:HN,r8:HA-r9:H,M,,3.180,2.406,2.573,2.101,3.333,-0.774,False,ok,PRO - DLE
7UBG,CYANA,r9:HN-r9:HG,r9:H-r9:HG,W,,4.330,2.673,3.002,2.188,3.803,-1.657,False,ok,DLE - DLE
7UBG,CYANA,r9:HA-r9:HG,r9:HA-r9:HG,W,,4.250,2.889,2.981,2.527,3.335,-1.361,False,ok,DLE - DLE
7UZL,CYANA,r1:HA-r3:HN,r1:HA-r3:H,W,,4.740,3.838,3.907,3.433,4.382,-0.902,False,ok,DPR - ALA
7UZL,CYANA,r1:HD2-r9:HG,r1:HD2-r9:HG,vW,,5.500,5.026,5.115,4.572,5.622,-0.474,False,ok,DPR - DLE
7UZL,CYANA,r1:HD3-r9:HG,r1:HD3-r9:HG,vW,,5.500,5.169,5.237,4.695,5.755,-0.331,False,ok,DPR - DLE
7UZL,CYANA,r2:HA-r4:HN,r2:HA-r4:H,W,,4.180,2.922,3.140,2.455,3.867,-1.258,False,ok,MAA - DVA
7UZL,CYANA,r3:HN-r4:HN,r3:H-r4:H,M,,3.400,2.611,2.720,2.344,3.517,-0.789,False,ok,ALA - DVA
7UZL,CYANA,r3:HN-r9:HN,r3:H-r9:H,vW,,5.200,4.163,4.307,3.649,5.093,-1.037,False,ok,ALA - DLE
7UZL,CYANA,r3:HN-r9:HB2,r3:H-r9:HB2,vW,,5.500,4.050,4.172,3.576,4.736,-1.450,False,ok,ALA - DLE
7UZL,CYANA,r3:HN-r9:HB3,r3:H-r9:HB3,vW,,5.500,3.523,3.653,3.064,4.176,-1.977,False,ok,ALA - DLE
7UZL,CYANA,r4:HN-r4:HB,r4:H-r4:HB,W,,3.640,2.833,3.259,2.353,3.993,-0.807,False,ok,DVA - DVA
7UZL,CYANA,r5:HA-r5:HD1,r5:HA-r5:HD1,W,,3.960,3.038,4.028,2.244,5.023,-0.922,False,ok,MLE - MLE
7UZL,CYANA,r5:HA-r5:HD2,r5:HA-r5:HD2,W,,3.960,3.012,4.048,2.236,4.964,-0.948,False,ok,MLE - MLE
7UZL,CYANA,r6:HN-r6:HG,r6:H-r6:HG,W,,4.370,3.146,3.399,2.566,4.397,-1.224,False,ok,LEU - LEU
7UZL,CYANA,r6:HN-r9:HN,r6:H-r9:H,vW,,5.500,4.788,4.904,4.351,5.577,-0.712,False,ok,LEU - DLE
7UZL,CYANA,r6:HA-r7:HN,r6:HA-r7:H,M,,3.090,2.290,2.326,2.085,2.624,-0.800,False,ok,LEU - LEU
7UZL,CYANA,r7:HN-r7:HG,r7:H-r7:HG,W,,4.340,2.346,2.600,1.989,3.975,-1.994,False,ok,LEU - LEU
7UZL,CYANA,r7:HN-r9:HN,r7:H-r9:H,vW,,5.500,4.854,4.934,4.441,5.507,-0.646,False,ok,LEU - DLE
7UZL,CYANA,r7:HA-r8:HA,r7:HA-r8:HA,S,,2.920,2.452,2.537,2.185,2.943,-0.468,False,ok,LEU - PRO
7UZL,CYANA,r7:HA-r9:HN,r7:HA-r9:H,M,,3.450,2.702,2.832,2.307,3.394,-0.748,False,ok,LEU - DLE
7UZL,CYANA,r7:HA-r9:HG,r7:HA-r9:HG,W,,3.810,2.550,2.739,2.169,3.610,-1.260,False,ok,LEU - DLE
7UZL,CYANA,r7:HG-r8:HA,r7:HG-r8:HA,W,,4.920,3.771,4.517,3.162,5.101,-1.149,False,ok,LEU - PRO
7UZL,CYANA,r8:HD2-r9:HN,r8:HD2-r9:H,W,,4.560,2.858,2.993,2.448,3.559,-1.702,False,ok,PRO - DLE
7UZL,CYANA,r9:HN-r9:HG,r9:H-r9:HG,W,,4.430,3.017,3.140,2.615,3.683,-1.413,False,ok,DLE - DLE
7UZL,CYANA,r9:HA-r9:HG,r9:HA-r9:HG,W,,4.200,3.087,3.138,2.862,3.448,-1.113,False,ok,DLE - DLE
8CWA,CYANA,r1:HN-r1:HB,r1:H-r1:HB,W,,3.760,2.489,2.540,2.248,2.864,-1.271,False,ok,DVA - DVA
8CWA,CYANA,r1:HN-r5:HN,r1:H-r5:H,W,,4.810,3.483,3.612,3.116,4.297,-1.327,False,ok,DVA - DVA
8CWA,CYANA,r1:HN-r7:HA,r1:H-r7:HA,W,,4.990,3.652,3.684,3.394,3.958,-1.338,False,ok,DVA - DPR
8CWA,CYANA,r1:HN-r8:HN,r1:H-r8:H,W,,3.940,2.171,2.298,1.854,2.742,-1.769,False,ok,DVA - LEU
8CWA,CYANA,r1:HN-r8:HA,r1:H-r8:HA,W,,4.620,3.085,3.145,2.749,3.472,-1.535,False,ok,DVA - LEU
8CWA,CYANA,r1:HB-r5:HN,r1:HB-r5:H,vW,,5.500,3.012,3.219,2.564,4.047,-2.488,False,ok,DVA - DVA
8CWA,CYANA,r3:HB2-r4:HN,r3:HB2-r4:H,vW,,5.500,4.530,4.555,4.259,4.798,-0.970,False,ok,DPR - LEU
8CWA,CYANA,r3:HB3-r4:HN,r3:HB3-r4:H,vW,,5.500,3.568,3.734,3.045,4.310,-1.932,False,ok,DPR - LEU
8CWA,CYANA,r3:HD2-r4:HN,r3:HD2-r4:H,W,,4.900,4.221,4.256,3.925,4.628,-0.679,False,ok,DPR - LEU
8CWA,CYANA,r3:HD2-r5:HN,r3:HD2-r5:H,W,,4.920,5.115,5.222,4.630,5.952,0.195,True,ok,DPR - DVA
8CWA,CYANA,r4:HN-r4:HG,r4:H-r4:HG,W,,4.040,2.748,3.257,2.302,4.585,-1.292,False,ok,LEU - LEU
8CWA,CYANA,r4:HB2-r8:HN,r4:HB2-r8:H,W,,4.180,2.497,3.055,2.037,4.779,-1.683,False,ok,LEU - LEU
8CWA,CYANA,r4:HB3-r8:HN,r4:HB3-r8:H,W,,4.180,2.608,2.981,2.134,3.775,-1.572,False,ok,LEU - LEU
8CWA,CYANA,r4:HG-r5:HN,r4:HG-r5:H,vW,,5.500,4.386,4.560,3.811,5.017,-1.114,False,ok,LEU - DVA
8CWA,CYANA,r5:HN-r5:HB,r5:H-r5:HB,W,,3.970,2.428,2.606,2.150,3.693,-1.542,False,ok,DVA - DVA
8CWA,CYANA,r5:HN-r7:HA,r5:H-r7:HA,W,,4.640,4.250,4.336,3.889,4.762,-0.390,False,ok,DVA - DPR
8CWA,CYANA,r5:HN-r8:HN,r5:H-r8:H,vW,,5.500,3.972,4.124,3.540,4.907,-1.528,False,ok,DVA - LEU
8CWA,CYANA,r7:HA-r8:HN,r7:HA-r8:H,M,,3.350,2.280,2.317,2.072,2.572,-1.070,False,ok,DPR - LEU
8CWA,CYANA,r8:HN-r8:HG,r8:H-r8:HG,W,,4.570,3.147,3.598,2.646,4.917,-1.423,False,ok,LEU - LEU
