CycPeptMPDB_ID,Source,SMILES,Sequence,Original_Name_in_Source_Literature,Structurally_Unique_ID,PAMPA,Monomer_Length,Monomer_Length_in_Main_Chain,Molecule_Shape
2352,2018_Naylor,C/C=C/C[C@@H](C)[C@@H](O)[C@H]1C(=O)N[C@@H]([C@@H](C)O)C(=O)N(C)CC(=O)N(C)[C@@H](CC(C)C)C(=O)N[C@@H](C(C)C)C(=O)N(C)[C@@H](CC(C)C)C(=O)N[C@@H](C)C(=O)N[C@H](C)C(=O)N(C)[C@@H](CC(C)C)C(=O)N(C)[C@@H](CC(C)C)C(=O)N(C)[C@@H](C(C)C)C(=O)N1C,"['T', 'Sar', 'meL', 'V', 'meL', 'A', 'dA', 'meL', 'meL', 'meV', 'Me_Bmt(E)']",CSC(58),934,-5.81,11,11,Circle
2353,2018_Naylor,C/C=C/C[C@@H](C)[C@@H](O)[C@H]1C(=O)N[C@@H](C)C(=O)N(C)CC(=O)N(C)[C@@H](CC(C)C)C(=O)N[C@@H](C(C)C)C(=O)N(C)[C@@H](CC(C)C)C(=O)N[C@@H](C)C(=O)N[C@H](C)C(=O)N(C)[C@@H](CC(C)C)C(=O)N(C)[C@@H](CC(C)C)C(=O)N(C)[C@@H](C(C)C)C(=O)N1C,"['A', 'Sar', 'meL', 'V', 'meL', 'A', 'dA', 'meL', 'meL', 'meV', 'Me_Bmt(E)']",CSB(59),933,-6.18,11,11,Circle
2354,2018_Naylor,CC[C@@H]1NC(=O)[C@H](CC(C)C)N(C)C(=O)[C@H](CC)N(C)C(=O)[C@H](CC(C)C)N(C)C(=O)[C@H](CC(C)C)N(C)C(=O)[C@@H](C)NC(=O)[C@H](C)NC(=O)[C@H](CC(C)C)N(C)C(=O)[C@H](C(C)C)NC(=O)[C@H](CC(C)C)N(C)C(=O)CN(C)C1=O,"['Abu', 'Sar', 'meL', 'V', 'meL', 'A', 'dA', 'meL', 'meL', 'Me_Abu', 'meL']",CSA-1Leu11Abu(60),2354,-5.83,11,11,Circle
2355,2018_Naylor,CC[C@@H]1NC(=O)[C@H](CC(C)C)N(C)C(=O)[C@H](C(C)C)N(C)C(=O)[C@H](CC(C)C)N(C)C(=O)[C@H](CC(C)C)N(C)C(=O)[C@@H](C)NC(=O)[C@H](C)NC(=O)[C@H](CC(C)C)N(C)C(=O)[C@H](C(C)C)NC(=O)[C@H](CC(C)C)N(C)C(=O)CN(C)C1=O,"['Abu', 'Sar', 'meL', 'V', 'meL', 'A', 'dA', 'meL', 'meL', 'meV', 'meL']",CSA-1Leu(61),2355,-6.11,11,11,Circle
2356,2018_Naylor,C/C=C/C[C@@H](C)[C@@H](O)[C@H]1C(=O)N[C@@H](CC)C(=O)N(C)CC(=O)N(C)[C@@H](CC(C)C)C(=O)N[C@@H](C(C)C)C(=O)N(C)[C@@H](CC(C)C)C(=O)N[C@@H](C)C(=O)N[C@H](C)C(=O)N(C)[C@@H](CC(C)C)C(=O)N(C)[C@@H](CC(C)C)C(=O)N(C)[C@@H](C(C)C)C(=O)N1C,"['Abu', 'Sar', 'meL', 'V', 'meL', 'A', 'dA', 'meL', 'meL', 'meV', 'Me_Bmt(E)']",CSA(62),1,-6.15,11,11,Circle
2357,2018_Naylor,C/C=C/C[C@@H](C)[C@@H](O)[C@H]1C(=O)N[C@@H](CC)C(=O)N(C)CC(=O)N(C)[C@@H](CC(C)C)C(=O)N[C@@H](C(C)C)C(=O)N(C)[C@@H](CC(C)C)C(=O)N[C@@H](C)C(=O)N[C@H](C)C(=O)N(C)[C@@H](CC(C)C)C(=O)N(C)[C@@H](CC(C)C)C(=O)N(C)[C@H](C(C)C)C(=O)N1C,"['Abu', 'Sar', 'meL', 'V', 'meL', 'A', 'dA', 'meL', 'meL', 'Me_dV', 'Me_Bmt(E)']",CSH(63),937,-5.68,11,11,Circle
2358,2018_Naylor,C/C=C/C[C@@H](C)[C@@H](O)[C@H]1C(=O)N[C@@H](C(C)C)C(=O)N(C)CC(=O)N(C)[C@@H](CC(C)C)C(=O)N[C@@H](C(C)C)C(=O)N(C)[C@@H](CC(C)C)C(=O)N[C@@H](C)C(=O)N[C@H](C)C(=O)N(C)[C@@H](CC(C)C)C(=O)N(C)[C@@H](CC(C)C)C(=O)N(C)[C@@H](C(C)C)C(=O)N1C,"['V', 'Sar', 'meL', 'V', 'meL', 'A', 'dA', 'meL', 'meL', 'meV', 'Me_Bmt(E)']",CSD(64),935,-6.78,11,11,Circle
2359,2018_Naylor,C/C=C/C[C@@H](C)C(=O)[C@H]1C(=O)N[C@@H](C(C)C)C(=O)N(C)CC(=O)N(C)[C@@H](CC(C)C)C(=O)N[C@@H](C(C)C)C(=O)N(C)[C@@H](CC(C)C)C(=O)N[C@@H](C)C(=O)N[C@H](C)C(=O)N(C)[C@@H](CC(C)C)C(=O)N(C)[C@@H](CC(C)C)C(=O)N(C)[C@@H](C(C)C)C(=O)N1C,"['V', 'Sar', 'meL', 'V', 'meL', 'A', 'dA', 'meL', 'meL', 'meV', 'Mono70']",Valspodar(66),2359,-6.81,11,11,Circle
2360,2018_Naylor,C/C=C/C[C@@H](C)[C@H]1OC(=O)[C@H](C(C)C)N(C)C(=O)[C@H](CC(C)C)N(C)C(=O)[C@H](CC(C)C)N(C)C(=O)[C@@H](C)NC(=O)[C@H](C)NC(=O)[C@H](CC(C)C)N(C)C(=O)[C@H](C(C)C)NC(=O)[C@H](CC(C)C)N(C)C(=O)CN(C)C(=O)[C@H](CC)NC(=O)[C@H]1NC,"['Me_Bmt(E)', 'Abu', 'Sar', 'meL', 'V', 'meL', 'A', 'dA', 'meL', 'meL', 'meV']",CSA-iso(67),938,-7.4,11,11,Circle
2367,2018_Naylor,CC[C@H](C)[C@@H]1NC(=O)[C@H](Cc2ccc(O)cc2)N(C)C(=O)[C@H](Cc2ccccc2)NC(=O)CN(C)C(=O)[C@@H]2CCCN2C(=O)[C@@H](Cc2ccccc2)N(C)C(=O)[C@H](CC(C)C)NC1=O,"['I', 'L', 'Me_dF', 'P', 'Sar', 'F', 'meY']",CordyA(74),2367,-5.9,7,7,Circle
2368,2018_Naylor,CC[C@H](C)[C@@H]1NC(=O)[C@H](Cc2ccccc2)N(C)C(=O)[C@H](Cc2ccccc2)NC(=O)CN(C)C(=O)[C@@H]2CCCN2C(=O)[C@@H](Cc2ccccc2)N(C)C(=O)[C@H](CC(C)C)NC1=O,"['I', 'L', 'Me_dF', 'P', 'Sar', 'F', 'meF']",CordyB(75),2368,-5.63,7,7,Circle
2369,2018_Naylor,CC(C)C[C@@H]1NC(=O)[C@H](C(C)C)NC(=O)[C@H](Cc2ccc(O)cc2)N(C)C(=O)[C@H](Cc2ccccc2)NC(=O)CN(C)C(=O)[C@@H]2CCCN2C(=O)[C@@H](Cc2ccccc2)N(C)C1=O,"['V', 'L', 'Me_dF', 'P', 'Sar', 'F', 'meY']",CordyC(76),2369,-5.72,7,7,Circle
2370,2018_Naylor,CC(C)C[C@@H]1NC(=O)[C@H](C)NC(=O)[C@H](Cc2ccc(O)cc2)N(C)C(=O)[C@H](Cc2ccccc2)NC(=O)CN(C)C(=O)[C@@H]2CCCN2C(=O)[C@@H](Cc2ccccc2)N(C)C1=O,"['A', 'L', 'Me_dF', 'P', 'Sar', 'F', 'meY']",CordyA-I1A(77),2370,-6.75,7,7,Circle
2371,2018_Naylor,CC[C@H](C)[C@@H]1NC(=O)[C@H](C)N(C)C(=O)[C@H](Cc2ccccc2)NC(=O)CN(C)C(=O)[C@@H]2CCCN2C(=O)[C@@H](Cc2ccccc2)N(C)C(=O)[C@H](CC(C)C)NC1=O,"['I', 'L', 'Me_dF', 'P', 'Sar', 'F', 'meA']",CordyA-Y2A(78),2371,-5.23,7,7,Circle
2372,2018_Naylor,CC[C@H](C)[C@@H]1NC(=O)[C@H](Cc2ccc(O)cc2)N(C)C(=O)[C@H](C)NC(=O)CN(C)C(=O)[C@@H]2CCCN2C(=O)[C@@H](Cc2ccccc2)N(C)C(=O)[C@H](CC(C)C)NC1=O,"['I', 'L', 'Me_dF', 'P', 'Sar', 'A', 'meY']",CordyA-F3A(79),2372,-5.91,7,7,Circle
2373,2018_Naylor,CC[C@H](C)[C@@H]1NC(=O)[C@H](Cc2ccc(O)cc2)N(C)C(=O)[C@H](Cc2ccccc2)NC(=O)CN(C)C(=O)[C@@H]2CCCN2C(=O)[C@@H](C)N(C)C(=O)[C@H](CC(C)C)NC1=O,"['I', 'L', 'Me_dA', 'P', 'Sar', 'F', 'meY']",CordyA-F6A(80),2373,-5.89,7,7,Circle
2374,2018_Naylor,CC[C@H](C)[C@@H]1NC(=O)[C@H](Cc2ccc(O)cc2)N(C)C(=O)[C@H](Cc2ccccc2)NC(=O)CN(C)C(=O)[C@@H]2CCCN2C(=O)[C@@H](Cc2ccccc2)N(C)C(=O)[C@H](C)NC1=O,"['I', 'A', 'Me_dF', 'P', 'Sar', 'F', 'meY']",CordyA-L7A(81),2374,-5.65,7,7,Circle
2375,2018_Naylor,CC[C@H](C)[C@@H]1NC(=O)[C@H](Cc2ccc(O)cc2)N(C)C(=O)[C@H](Cc2ccccc2)NC(=O)CN(C)C(=O)[C@H](C)N(C)C(=O)[C@@H](Cc2ccccc2)N(C)C(=O)[C@H](CC(C)C)NC1=O,"['I', 'L', 'Me_dF', 'meA', 'Sar', 'F', 'meY']",CordyA-P5ANMe(82),2375,-5.11,7,7,Circle
2514,2020_Townsend,CC(C)C[C@H]1NC(=O)C[C@H](Cc2ccccc2)NC(=O)[C@H](Cc2ccccc2)NC(=O)[C@@H](CC(C)C)NC(=O)[C@H]2CCCN2C(=O)[C@@H](CC(C)C)NC1=O,"['bHph', 'dL', 'dL', 'dP', 'dL', 'F']",hexa_0,2514,-6.15,6,6,Circle
2524,2020_Townsend,CC(C)C[C@H]1NC(=O)[C@H]2CCCN2C(=O)[C@@H](CC(C)C)NC(=O)[C@@H](CC(C)C)N(C)C(=O)C[C@H](Cc2ccccc2)NC(=O)[C@H](Cc2ccccc2)NC1=O,"['bHph', 'Me_dL', 'dL', 'dP', 'dL', 'F']",hexa_10,2524,-5.92,6,6,Circle
2526,2020_Townsend,CC(C)C[C@@H]1NC(=O)C[C@H](Cc2ccccc2)NC(=O)[C@H](Cc2ccccc2)NC(=O)[C@@H](CC(C)C)NC(=O)[C@H]2CCCN2C(=O)[C@@H](CC(C)C)N(C)C1=O,"['bHph', 'L', 'Me_dL', 'dP', 'dL', 'F']",hexa_12,2526,-5.48,6,6,Circle
2527,2020_Townsend,CC(C)C[C@H]1C(=O)N2CCC[C@@H]2C(=O)N[C@H](CC(C)C)C(=O)N[C@@H](Cc2ccccc2)C(=O)N[C@@H](Cc2ccccc2)CC(=O)N[C@H](CC(C)C)C(=O)N1C,"['bHph', 'dL', 'meL', 'dP', 'dL', 'F']",hexa_13,2527,-5.6,6,6,Circle
2539,2020_Townsend,CC(C)C[C@H]1C(=O)N[C@@H](Cc2ccccc2)C(=O)N[C@@H](Cc2ccccc2)CC(=O)N[C@H](CC(C)C)C(=O)N(C)[C@H](CC(C)C)C(=O)N2CCC[C@@H]2C(=O)N1C,"['bHph', 'dL', 'Me_dL', 'dP', 'meL', 'F']",hexa_25,2539,-5.1,6,6,Circle
2540,2020_Townsend,CC(C)C[C@@H]1NC(=O)C[C@H](Cc2ccccc2)NC(=O)[C@H](Cc2ccccc2)NC(=O)[C@@H](CC(C)C)N(C)C(=O)[C@H]2CCCN2C(=O)[C@@H](CC(C)C)N(C)C1=O,"['bHph', 'L', 'Me_dL', 'dP', 'Me_dL', 'F']",hexa_26,2540,-5.29,6,6,Circle
2614,2020_Townsend,CC(C)C[C@@H]1NC(=O)C[C@H](Cc2ccccc2)NC(=O)[C@H](Cc2ccccc2)NC(=O)[C@H](CC(C)C)N(C)C(=O)[C@@H]2CCCN2C(=O)[C@@H](CC(C)C)NC1=O,"['bHph', 'L', 'dL', 'P', 'meL', 'F']",hexa_100,2614,-5.05,6,6,Circle
2615,2020_Townsend,CC(C)C[C@@H]1NC(=O)[C@@H]2CCCN2C(=O)[C@H](CC(C)C)N(C)C(=O)[C@@H](CC(C)C)NC(=O)C[C@H](Cc2ccccc2)NC(=O)[C@H](Cc2ccccc2)NC1=O,"['bHph', 'dL', 'meL', 'P', 'L', 'F']",hexa_101,2615,-5.41,6,6,Circle
2616,2020_Townsend,CC(C)C[C@@H]1NC(=O)[C@@H]2CCCN2C(=O)[C@H](CC(C)C)NC(=O)[C@@H](CC(C)C)N(C)C(=O)C[C@H](Cc2ccccc2)NC(=O)[C@H](Cc2ccccc2)NC1=O,"['bHph', 'Me_dL', 'L', 'P', 'L', 'F']",hexa_102,2616,-5.67,6,6,Circle
2617,2020_Townsend,CC(C)C[C@@H]1NC(=O)[C@@H]2CCCN2C(=O)[C@H](CC(C)C)N(C)C(=O)[C@H](CC(C)C)NC(=O)C[C@H](Cc2ccccc2)NC(=O)[C@H](Cc2ccccc2)NC1=O,"['bHph', 'L', 'meL', 'P', 'L', 'F']",hexa_103,2617,-5.58,6,6,Circle
2618,2020_Townsend,CC(C)C[C@@H]1NC(=O)C[C@H](Cc2ccccc2)NC(=O)[C@H](Cc2ccccc2)NC(=O)[C@H](CC(C)C)N(C)C(=O)[C@@H]2CCCN2C(=O)[C@H](CC(C)C)NC1=O,"['bHph', 'L', 'L', 'P', 'meL', 'F']",hexa_104,2618,-5.67,6,6,Circle
2619,2020_Townsend,CC(C)C[C@@H]1NC(=O)[C@@H]2CCCN2C(=O)[C@H](CC(C)C)NC(=O)[C@H](CC(C)C)N(C)C(=O)C[C@H](Cc2ccccc2)NC(=O)[C@H](Cc2ccccc2)NC1=O,"['bHph', 'meL', 'L', 'P', 'L', 'F']",hexa_105,2619,-5.74,6,6,Circle
2620,2020_Townsend,CC(C)C[C@H]1NC(=O)C[C@H](Cc2ccccc2)NC(=O)[C@H](Cc2ccccc2)NC(=O)[C@@H](CC(C)C)N(C)C(=O)[C@@H]2CCCN2C(=O)[C@@H](CC(C)C)N(C)C1=O,"['bHph', 'dL', 'Me_dL', 'P', 'Me_dL', 'F']",hexa_106,2620,-5.13,6,6,Circle
2621,2020_Townsend,CC(C)C[C@H]1NC(=O)[C@@H]2CCCN2C(=O)[C@@H](CC(C)C)N(C)C(=O)[C@@H](CC(C)C)N(C)C(=O)C[C@H](Cc2ccccc2)NC(=O)[C@H](Cc2ccccc2)NC1=O,"['bHph', 'Me_dL', 'Me_dL', 'P', 'dL', 'F']",hexa_107,2621,-5.22,6,6,Circle
2622,2020_Townsend,CC(C)C[C@H]1NC(=O)[C@@H](CC(C)C)N(C)C(=O)C[C@H](Cc2ccccc2)NC(=O)[C@H](Cc2ccccc2)NC(=O)[C@@H](CC(C)C)N(C)C(=O)[C@@H]2CCCN2C1=O,"['bHph', 'Me_dL', 'dL', 'P', 'Me_dL', 'F']",hexa_108,2622,-5.11,6,6,Circle
2623,2020_Townsend,CC(C)C[C@H]1C(=O)N2CCC[C@H]2C(=O)N(C)[C@H](CC(C)C)C(=O)N[C@@H](Cc2ccccc2)C(=O)N[C@@H](Cc2ccccc2)CC(=O)N[C@H](CC(C)C)C(=O)N1C,"['bHph', 'dL', 'meL', 'P', 'Me_dL', 'F']",hexa_109,2623,-5.33,6,6,Circle
2625,2020_Townsend,CC(C)C[C@H]1C(=O)N[C@H](CC(C)C)C(=O)N2CCC[C@H]2C(=O)N(C)[C@H](CC(C)C)C(=O)N[C@@H](Cc2ccccc2)C(=O)N[C@@H](Cc2ccccc2)CC(=O)N1C,"['bHph', 'meL', 'dL', 'P', 'Me_dL', 'F']",hexa_111,2625,-5.16,6,6,Circle
2639,2020_Townsend,CC(C)C[C@@H]1NC(=O)C[C@H](Cc2ccccc2)NC(=O)[C@H](Cc2ccccc2)NC(=O)[C@H](CC(C)C)N(C)C(=O)[C@@H]2CCCN2C(=O)[C@H](CC(C)C)N(C)C1=O,"['bHph', 'L', 'meL', 'P', 'meL', 'F']",hexa_125,2639,-5.14,6,6,Circle
2645,2020_Townsend,CC(C)C[C@H]1C(=O)N2CCC[C@H]2C(=O)N(C)[C@H](CC(C)C)C(=O)N[C@@H](Cc2ccccc2)C(=O)N[C@@H](Cc2ccccc2)CC(=O)N(C)[C@H](CC(C)C)C(=O)N1C,"['bHph', 'Me_dL', 'meL', 'P', 'Me_dL', 'F']",hexa_131,2645,-5.25,6,6,Circle
2655,2020_Townsend,CC(C)C[C@H]1C(=O)N[C@H](CC(C)C)C(=O)N2CCC[C@H]2C(=O)N(Cc2ccccc2)CC(=O)N[C@@H](Cc2ccccc2)C(=O)N[C@@H](Cc2ccccc2)CC(=O)N1C,"['bHph', 'meL', 'dL', 'P', 'Bn_Gly', 'F']",hexa_141,2655,-5.48,6,6,Circle
2660,2020_Townsend,CC(C)C[C@H]1C(=O)N(C)[C@@H](CC(C)C)C(=O)N2CCC[C@H]2C(=O)N(C)[C@@H](CC(C)C)C(=O)N[C@@H](Cc2ccccc2)C(=O)N[C@@H](Cc2ccccc2)CC(=O)N1C,"['bHph', 'meL', 'meL', 'P', 'meL', 'F']",hexa_146,2660,-5.29,6,6,Circle
2994,2020_Townsend,CC(C)C[C@H]1C(=O)N2CCC[C@H]2C(=O)N(C)[C@@H](CC(C)C)C(=O)N[C@@H](Cc2ccccc2)C(=O)N[C@H](C)C(=O)N(C)[C@@H](CC(C)C)C(=O)N1C,"['dA', 'meL', 'meL', 'P', 'meL', 'F']",hexa_480,2994,-5.22,6,6,Circle
3584,2020_Townsend,CCCN1CC(=O)N(C)[C@H](CC(C)C)C(=O)N[C@H](CC(C)C)C(=O)N2CCC[C@H]2C(=O)N[C@H](CC(C)C)C(=O)N[C@@H](Cc2ccccc2)C(=O)N2CCC[C@@H]2C1=O,"['dP', 'Pr_Gly', 'Me_dL', 'dL', 'P', 'dL', 'F']",hepta_7,3584,-6.41,7,7,Circle
3591,2020_Townsend,CCCN1CC(=O)N[C@H](CC(C)C)C(=O)N(C)[C@@H](CC(C)C)C(=O)N2CCC[C@H]2C(=O)N[C@@H](CC(C)C)C(=O)N[C@@H](Cc2ccccc2)C(=O)N2CCC[C@@H]2C1=O,"['dP', 'Pr_Gly', 'dL', 'meL', 'P', 'L', 'F']",hepta_14,3591,-5.56,7,7,Circle
3598,2020_Townsend,CCCN1CC(=O)N(C)[C@@H](CC(C)C)C(=O)N[C@H](CC(C)C)C(=O)N2CCC[C@H]2C(=O)N(C)[C@H](CC(C)C)C(=O)N[C@@H](Cc2ccccc2)C(=O)N2CCC[C@@H]2C1=O,"['dP', 'Pr_Gly', 'meL', 'dL', 'P', 'Me_dL', 'F']",hepta_21,3598,-5.19,7,7,Circle
3601,2020_Townsend,CCCN1CC(=O)N[C@@H](CC(C)C)C(=O)N(C)[C@H](CC(C)C)C(=O)N2CCC[C@H]2C(=O)N(C)[C@H](CC(C)C)C(=O)N[C@@H](Cc2ccccc2)C(=O)N2CCC[C@@H]2C1=O,"['dP', 'Pr_Gly', 'L', 'Me_dL', 'P', 'Me_dL', 'F']",hepta_24,3601,-5.25,7,7,Circle
3605,2020_Townsend,CCCN1CC(=O)N[C@@H](CC(C)C)C(=O)N(C)[C@H](CC(C)C)C(=O)N2CCC[C@H]2C(=O)N(C)[C@@H](CC(C)C)C(=O)N[C@@H](Cc2ccccc2)C(=O)N2CCC[C@@H]2C1=O,"['dP', 'Pr_Gly', 'L', 'Me_dL', 'P', 'meL', 'F']",hepta_28,3605,-5.12,7,7,Circle
3606,2020_Townsend,CCCN1CC(=O)N(C)[C@H](CC(C)C)C(=O)N[C@@H](CC(C)C)C(=O)N2CCC[C@H]2C(=O)N(C)[C@@H](CC(C)C)C(=O)N[C@@H](Cc2ccccc2)C(=O)N2CCC[C@@H]2C1=O,"['dP', 'Pr_Gly', 'Me_dL', 'L', 'P', 'meL', 'F']",hepta_29,3606,-4.98,7,7,Circle
3614,2020_Townsend,CCCN1CC(=O)N[C@@H](CC(C)C)C(=O)N(Cc2ccccc2)CC(=O)N2CCC[C@H]2C(=O)N[C@@H](CC(C)C)C(=O)N[C@@H](Cc2ccccc2)C(=O)N2CCC[C@@H]2C1=O,"['dP', 'Pr_Gly', 'L', 'Bn_Gly', 'P', 'L', 'F']",hepta_37,3614,-5.77,7,7,Circle
3624,2020_Townsend,CCCN1CC(=O)N(C)[C@H](CC(C)C)C(=O)N[C@@H](CC(C)C)C(=O)N2CCC[C@H]2C(=O)N(Cc2ccccc2)CC(=O)N[C@@H](Cc2ccccc2)C(=O)N2CCC[C@@H]2C1=O,"['dP', 'Pr_Gly', 'Me_dL', 'L', 'P', 'Bn_Gly', 'F']",hepta_47,3624,-4.96,7,7,Circle
3626,2020_Townsend,CCCN1CC(=O)N(C)[C@@H](CC(C)C)C(=O)N[C@@H](CC(C)C)C(=O)N2CCC[C@H]2C(=O)N(Cc2ccccc2)CC(=O)N[C@@H](Cc2ccccc2)C(=O)N2CCC[C@@H]2C1=O,"['dP', 'Pr_Gly', 'meL', 'L', 'P', 'Bn_Gly', 'F']",hepta_49,3626,-10.0,7,7,Circle
3631,2020_Townsend,CCCN1CC(=O)N(Cc2ccccc2)CC(=O)N(C)[C@H](CC(C)C)C(=O)N2CCC[C@H]2C(=O)N(C)[C@H](CC(C)C)C(=O)N[C@@H](Cc2ccccc2)C(=O)N2CCC[C@@H]2C1=O,"['dP', 'Pr_Gly', 'Bn_Gly', 'Me_dL', 'P', 'Me_dL', 'F']",hepta_54,3631,-5.57,7,7,Circle
3633,2020_Townsend,CCCN1CC(=O)N(C)[C@@H](CC(C)C)C(=O)N(Cc2ccccc2)CC(=O)N2CCC[C@H]2C(=O)N(C)[C@H](CC(C)C)C(=O)N[C@@H](Cc2ccccc2)C(=O)N2CCC[C@@H]2C1=O,"['dP', 'Pr_Gly', 'meL', 'Bn_Gly', 'P', 'Me_dL', 'F']",hepta_56,3633,-5.31,7,7,Circle
3634,2020_Townsend,CCCN1CC(=O)N(C)[C@@H](CC(C)C)C(=O)N(C)[C@H](CC(C)C)C(=O)N2CCC[C@H]2C(=O)N(Cc2ccccc2)CC(=O)N[C@@H](Cc2ccccc2)C(=O)N2CCC[C@@H]2C1=O,"['dP', 'Pr_Gly', 'meL', 'Me_dL', 'P', 'Bn_Gly', 'F']",hepta_57,3634,-5.27,7,7,Circle
3638,2020_Townsend,CCCN1CC(=O)N(C)[C@@H](CC(C)C)C(=O)N(C)[C@@H](CC(C)C)C(=O)N2CCC[C@H]2C(=O)N(Cc2ccccc2)CC(=O)N[C@@H](Cc2ccccc2)C(=O)N2CCC[C@@H]2C1=O,"['dP', 'Pr_Gly', 'meL', 'meL', 'P', 'Bn_Gly', 'F']",hepta_61,3638,-5.61,7,7,Circle
3639,2020_Townsend,CCCN1CC(=O)N(C)[C@@H](CC(C)C)C(=O)N(Cc2ccccc2)CC(=O)N2CCC[C@H]2C(=O)N(C)[C@@H](CC(C)C)C(=O)N[C@@H](Cc2ccccc2)C(=O)N2CCC[C@@H]2C1=O,"['dP', 'Pr_Gly', 'meL', 'Bn_Gly', 'P', 'meL', 'F']",hepta_62,3639,-5.13,7,7,Circle
3641,2020_Townsend,CCCN1CC(=O)N(Cc2ccccc2)CC(=O)N(Cc2ccccc2)CC(=O)N2CCC[C@H]2C(=O)N[C@@H](CC(C)C)C(=O)N[C@@H](Cc2ccccc2)C(=O)N2CCC[C@@H]2C1=O,"['dP', 'Pr_Gly', 'Bn_Gly', 'Bn_Gly', 'P', 'L', 'F']",hepta_64,3641,-6.34,7,7,Circle
3662,2020_Townsend,CC(C)C[C@H]1NC(=O)[C@@H]2CCCN2C(=O)[C@@H](CC(C)C)N(C)C(=O)[C@@H](CC(C)C)NC(=O)[C@H](C)NC(=O)[C@H]2CCCN2C(=O)[C@H](Cc2ccccc2)NC1=O,"['dP', 'A', 'dL', 'Me_dL', 'P', 'dL', 'F']",hepta_85,3662,-5.63,7,7,Circle
3677,2020_Townsend,CC(C)C[C@H]1C(=O)N[C@@H](Cc2ccccc2)C(=O)N2CCC[C@@H]2C(=O)N[C@@H](C)C(=O)N[C@H](CC(C)C)C(=O)N(C)[C@H](CC(C)C)C(=O)N2CCC[C@H]2C(=O)N1C,"['dP', 'A', 'dL', 'Me_dL', 'P', 'meL', 'F']",hepta_100,3677,-5.66,7,7,Circle
3728,2020_Townsend,CC(C)C[C@H]1NC(=O)[C@@H]2CCCN2C(=O)[C@@H](CC(C)C)NC(=O)[C@@H](CC(C)C)NC(=O)[C@@H](C)NC(=O)[C@H]2CCCN2C(=O)[C@H](Cc2ccccc2)NC1=O,"['dP', 'dA', 'dL', 'dL', 'P', 'dL', 'F']",hepta_151,3728,-10.0,7,7,Circle
3729,2020_Townsend,CC(C)C[C@@H]1NC(=O)[C@@H](CC(C)C)NC(=O)[C@@H](C)NC(=O)[C@H]2CCCN2C(=O)[C@H](Cc2ccccc2)NC(=O)[C@@H](CC(C)C)NC(=O)[C@@H]2CCCN2C1=O,"['dP', 'dA', 'dL', 'L', 'P', 'dL', 'F']",hepta_152,3729,-6.61,7,7,Circle
3731,2020_Townsend,CC(C)C[C@@H]1NC(=O)[C@@H]2CCCN2C(=O)[C@H](CC(C)C)NC(=O)[C@@H](CC(C)C)NC(=O)[C@@H](C)NC(=O)[C@H]2CCCN2C(=O)[C@H](Cc2ccccc2)NC1=O,"['dP', 'dA', 'dL', 'L', 'P', 'L', 'F']",hepta_154,3731,-10.0,7,7,Circle
3809,2020_Townsend,CC(C)C[C@@H]1C(=O)N(Cc2ccccc2)CC(=O)N2CCC[C@H]2C(=O)N(Cc2ccccc2)CC(=O)N[C@@H](Cc2ccccc2)C(=O)N2CCC[C@@H]2C(=O)N[C@H](C)C(=O)N1C,"['dP', 'dA', 'Me_dL', 'Bn_Gly', 'P', 'Bn_Gly', 'F']",hepta_232,3809,-6.23,7,7,Circle
3815,2020_Townsend,CC(C)C[C@@H]1NC(=O)[C@H]2CCCN2C(=O)[C@@H](CC(C)C)NC(=O)[C@@H](CC(C)C)NC(=O)[C@H](C)NC(=O)[C@H]2CCCN2C(=O)[C@H](Cc2ccccc2)NC1=O,"['dP', 'A', 'dL', 'dL', 'dP', 'L', 'F']",hepta_238,3815,-6.76,7,7,Circle
3821,2020_Townsend,CC(C)C[C@H]1NC(=O)[C@H]2CCCN2C(=O)[C@@H](CC(C)C)N(C)C(=O)[C@@H](CC(C)C)NC(=O)[C@H](C)NC(=O)[C@H]2CCCN2C(=O)[C@H](Cc2ccccc2)NC1=O,"['dP', 'A', 'dL', 'Me_dL', 'dP', 'dL', 'F']",hepta_244,3821,-10.0,7,7,Circle
3824,2020_Townsend,CC(C)C[C@@H]1NC(=O)[C@H]2CCCN2C(=O)[C@@H](CC(C)C)N(C)C(=O)[C@@H](CC(C)C)NC(=O)[C@H](C)NC(=O)[C@H]2CCCN2C(=O)[C@H](Cc2ccccc2)NC1=O,"['dP', 'A', 'dL', 'Me_dL', 'dP', 'L', 'F']",hepta_247,3824,-6.13,7,7,Circle
3837,2020_Townsend,CC(C)C[C@H]1NC(=O)[C@H](C)NC(=O)[C@H]2CCCN2C(=O)[C@H](Cc2ccccc2)NC(=O)[C@@H](CC(C)C)N(C)C(=O)[C@H]2CCCN2C(=O)[C@@H](CC(C)C)N(C)C1=O,"['dP', 'A', 'dL', 'Me_dL', 'dP', 'Me_dL', 'F']",hepta_260,3837,-6.18,7,7,Circle
3840,2020_Townsend,CC(C)C[C@H]1C(=O)N2CCC[C@@H]2C(=O)N[C@H](CC(C)C)C(=O)N[C@@H](Cc2ccccc2)C(=O)N2CCC[C@@H]2C(=O)N[C@@H](C)C(=O)N(C)[C@H](CC(C)C)C(=O)N1C,"['dP', 'A', 'Me_dL', 'meL', 'dP', 'dL', 'F']",hepta_263,3840,-6.19,7,7,Circle
3852,2020_Townsend,CC(C)C[C@@H]1NC(=O)[C@H](C)NC(=O)[C@H]2CCCN2C(=O)[C@H](Cc2ccccc2)NC(=O)CN(Cc2ccccc2)C(=O)[C@H]2CCCN2C(=O)[C@@H](CC(C)C)NC1=O,"['dP', 'A', 'L', 'dL', 'dP', 'Bn_Gly', 'F']",hepta_275,3852,-6.9,7,7,Circle
3868,2020_Townsend,CC(C)C[C@@H]1NC(=O)[C@H](C)NC(=O)[C@H]2CCCN2C(=O)[C@H](Cc2ccccc2)NC(=O)CN(Cc2ccccc2)C(=O)[C@H]2CCCN2C(=O)[C@@H](CC(C)C)N(C)C1=O,"['dP', 'A', 'L', 'Me_dL', 'dP', 'Bn_Gly', 'F']",hepta_291,3868,-6.18,7,7,Circle
3872,2020_Townsend,CC(C)C[C@@H]1C(=O)N(C)[C@H](CC(C)C)C(=O)N2CCC[C@@H]2C(=O)N(Cc2ccccc2)CC(=O)N[C@@H](Cc2ccccc2)C(=O)N2CCC[C@@H]2C(=O)N[C@@H](C)C(=O)N1C,"['dP', 'A', 'Me_dL', 'Me_dL', 'dP', 'Bn_Gly', 'F']",hepta_295,3872,-5.87,7,7,Circle
3896,2020_Townsend,CC(C)C[C@H]1NC(=O)[C@H]2CCCN2C(=O)[C@@H](CC(C)C)NC(=O)[C@@H](CC(C)C)N(C)C(=O)[C@@H](C)NC(=O)[C@H]2CCCN2C(=O)[C@H](Cc2ccccc2)NC1=O,"['dP', 'dA', 'Me_dL', 'dL', 'dP', 'dL', 'F']",hepta_319,3896,-6.26,7,7,Circle
3899,2020_Townsend,CC(C)C[C@@H]1NC(=O)[C@H]2CCCN2C(=O)[C@@H](CC(C)C)N(C)C(=O)[C@@H](CC(C)C)NC(=O)[C@@H](C)NC(=O)[C@H]2CCCN2C(=O)[C@H](Cc2ccccc2)NC1=O,"['dP', 'dA', 'dL', 'Me_dL', 'dP', 'L', 'F']",hepta_322,3899,-10.0,7,7,Circle
3905,2020_Townsend,CC(C)C[C@@H]1NC(=O)[C@H]2CCCN2C(=O)[C@H](CC(C)C)N(C)C(=O)[C@@H](CC(C)C)NC(=O)[C@@H](C)NC(=O)[C@H]2CCCN2C(=O)[C@H](Cc2ccccc2)NC1=O,"['dP', 'dA', 'dL', 'meL', 'dP', 'L', 'F']",hepta_328,3905,-7.11,7,7,Circle
3920,2020_Townsend,CC(C)C[C@H]1NC(=O)[C@H]2CCCN2C(=O)CN(Cc2ccccc2)C(=O)[C@@H](CC(C)C)NC(=O)[C@@H](C)NC(=O)[C@H]2CCCN2C(=O)[C@H](Cc2ccccc2)NC1=O,"['dP', 'dA', 'dL', 'Bn_Gly', 'dP', 'dL', 'F']",hepta_343,3920,-6.08,7,7,Circle
3929,2020_Townsend,CC(C)C[C@@H]1NC(=O)[C@@H](C)NC(=O)[C@H]2CCCN2C(=O)[C@H](Cc2ccccc2)NC(=O)CN(Cc2ccccc2)C(=O)[C@H]2CCCN2C(=O)[C@@H](CC(C)C)NC1=O,"['dP', 'dA', 'L', 'dL', 'dP', 'Bn_Gly', 'F']",hepta_352,3929,-6.72,7,7,Circle
3936,2020_Townsend,CC(C)C[C@@H]1C(=O)N(C)[C@H](CC(C)C)C(=O)N2CCC[C@@H]2C(=O)N(C)[C@H](CC(C)C)C(=O)N[C@@H](Cc2ccccc2)C(=O)N2CCC[C@@H]2C(=O)N[C@H](C)C(=O)N1C,"['dP', 'dA', 'Me_dL', 'Me_dL', 'dP', 'Me_dL', 'F']",hepta_359,3936,-6.12,7,7,Circle
3946,2020_Townsend,CC(C)C[C@H]1C(=O)N[C@H](CC(C)C)C(=O)N2CCC[C@@H]2C(=O)N(Cc2ccccc2)CC(=O)N[C@@H](Cc2ccccc2)C(=O)N2CCC[C@@H]2C(=O)N[C@H](C)C(=O)N1C,"['dP', 'dA', 'meL', 'dL', 'dP', 'Bn_Gly', 'F']",hepta_369,3946,-6.27,7,7,Circle
3958,2020_Townsend,CC(C)C[C@@H]1C(=O)N(C)[C@H](CC(C)C)C(=O)N2CCC[C@@H]2C(=O)N(Cc2ccccc2)CC(=O)N[C@@H](Cc2ccccc2)C(=O)N2CCC[C@@H]2C(=O)N[C@H](C)C(=O)N1C,"['dP', 'dA', 'Me_dL', 'Me_dL', 'dP', 'Bn_Gly', 'F']",hepta_381,3958,-5.27,7,7,Circle
3975,2020_Townsend,CC(C)C[C@@H]1C(=O)N(Cc2ccccc2)CC(=O)N2CCC[C@@H]2C(=O)N(Cc2ccccc2)CC(=O)N[C@@H](Cc2ccccc2)C(=O)N2CCC[C@@H]2C(=O)N[C@H](C)C(=O)N1C,"['dP', 'dA', 'Me_dL', 'Bn_Gly', 'dP', 'Bn_Gly', 'F']",hepta_398,3975,-6.01,7,7,Circle
3991,2020_Townsend,CC(C)C[C@@H]1NC(=O)[C@@H]2CCCN2C(=O)[C@@H](CC(C)C)N(C)C(=O)[C@@H](CC(C)C)NC(=O)[C@H](C)N(C)C(=O)[C@H]2CCCN2C(=O)[C@H](Cc2ccccc2)NC1=O,"['dP', 'meA', 'dL', 'Me_dL', 'P', 'L', 'F']",hepta_414,3991,-6.45,7,7,Circle
4101,2020_Townsend,CC(C)C[C@@H]1NC(=O)[C@@H](C)N(C)C(=O)[C@H]2CCCN2C(=O)[C@H](Cc2ccccc2)NC(=O)[C@@H](CC(C)C)NC(=O)[C@@H]2CCCN2C(=O)[C@@H](CC(C)C)N(C)C1=O,"['dP', 'Me_dA', 'L', 'Me_dL', 'P', 'dL', 'F']",hepta_524,4101,-5.51,7,7,Circle
4115,2020_Townsend,CC(C)C[C@H]1C(=O)N2CCC[C@H]2C(=O)N[C@H](CC(C)C)C(=O)N[C@@H](Cc2ccccc2)C(=O)N2CCC[C@@H]2C(=O)N(C)[C@H](C)C(=O)N(C)[C@H](CC(C)C)C(=O)N1C,"['dP', 'Me_dA', 'Me_dL', 'meL', 'P', 'dL', 'F']",hepta_538,4115,-6.49,7,7,Circle
4121,2020_Townsend,CC(C)C[C@@H]1NC(=O)[C@@H](C)N(C)C(=O)[C@H]2CCCN2C(=O)[C@H](Cc2ccccc2)NC(=O)[C@@H](CC(C)C)N(C)C(=O)[C@@H]2CCCN2C(=O)[C@@H](CC(C)C)N(C)C1=O,"['dP', 'Me_dA', 'L', 'Me_dL', 'P', 'Me_dL', 'F']",hepta_544,4121,-5.12,7,7,Circle
4127,2020_Townsend,CC(C)C[C@H]1C(=O)N[C@@H](Cc2ccccc2)C(=O)N2CCC[C@@H]2C(=O)N(C)[C@H](C)C(=O)N[C@H](CC(C)C)C(=O)N(C)[C@@H](CC(C)C)C(=O)N2CCC[C@H]2C(=O)N1C,"['dP', 'Me_dA', 'dL', 'meL', 'P', 'meL', 'F']",hepta_550,4127,-5.14,7,7,Circle
4128,2020_Townsend,CC(C)C[C@@H]1NC(=O)[C@@H](C)N(C)C(=O)[C@H]2CCCN2C(=O)[C@H](Cc2ccccc2)NC(=O)[C@H](CC(C)C)N(C)C(=O)[C@@H]2CCCN2C(=O)[C@@H](CC(C)C)N(C)C1=O,"['dP', 'Me_dA', 'L', 'Me_dL', 'P', 'meL', 'F']",hepta_551,4128,-5.26,7,7,Circle
4139,2020_Townsend,CC(C)C[C@H]1C(=O)N2CCC[C@H]2C(=O)N(C)[C@H](CC(C)C)C(=O)N[C@@H](Cc2ccccc2)C(=O)N2CCC[C@@H]2C(=O)N(C)[C@H](C)C(=O)N(C)[C@H](CC(C)C)C(=O)N1C,"['dP', 'Me_dA', 'Me_dL', 'meL', 'P', 'Me_dL', 'F']",hepta_562,4139,-5.43,7,7,Circle
4225,2020_Townsend,CC(C)C[C@@H]1NC(=O)[C@H](C)N(C)C(=O)[C@H]2CCCN2C(=O)[C@H](Cc2ccccc2)NC(=O)CN(Cc2ccccc2)C(=O)[C@H]2CCCN2C(=O)[C@@H](CC(C)C)NC1=O,"['dP', 'meA', 'L', 'dL', 'dP', 'Bn_Gly', 'F']",hepta_648,4225,-5.68,7,7,Circle
4248,2020_Townsend,CC(C)C[C@H]1C(=O)N[C@H](CC(C)C)C(=O)N2CCC[C@@H]2C(=O)N(Cc2ccccc2)CC(=O)N[C@@H](Cc2ccccc2)C(=O)N2CCC[C@@H]2C(=O)N(C)[C@@H](C)C(=O)N1C,"['dP', 'meA', 'meL', 'dL', 'dP', 'Bn_Gly', 'F']",hepta_671,4248,-5.51,7,7,Circle
4252,2020_Townsend,CC(C)C[C@@H]1NC(=O)[C@H](C)N(C)C(=O)[C@H]2CCCN2C(=O)[C@H](Cc2ccccc2)NC(=O)CN(Cc2ccccc2)C(=O)[C@H]2CCCN2C(=O)[C@@H](CC(C)C)N(C)C1=O,"['dP', 'meA', 'L', 'Me_dL', 'dP', 'Bn_Gly', 'F']",hepta_675,4252,-5.37,7,7,Circle
4261,2020_Townsend,CC(C)C[C@@H]1C(=O)N(C)[C@H](CC(C)C)C(=O)N2CCC[C@@H]2C(=O)N(Cc2ccccc2)CC(=O)N[C@@H](Cc2ccccc2)C(=O)N2CCC[C@@H]2C(=O)N(C)[C@@H](C)C(=O)N1C,"['dP', 'meA', 'Me_dL', 'Me_dL', 'dP', 'Bn_Gly', 'F']",hepta_684,4261,-5.93,7,7,Circle
4304,2020_Townsend,CC(C)C[C@@H]1NC(=O)[C@@H](C)N(C)C(=O)[C@H]2CCCN2C(=O)[C@H](Cc2ccccc2)NC(=O)[C@H](CC(C)C)N(C)C(=O)[C@H]2CCCN2C(=O)[C@@H](CC(C)C)NC1=O,"['dP', 'Me_dA', 'L', 'dL', 'dP', 'meL', 'F']",hepta_727,4304,-5.59,7,7,Circle
4323,2020_Townsend,CC(C)C[C@@H]1NC(=O)[C@@H](C)N(C)C(=O)[C@H]2CCCN2C(=O)[C@H](Cc2ccccc2)NC(=O)CN(Cc2ccccc2)C(=O)[C@H]2CCCN2C(=O)[C@@H](CC(C)C)NC1=O,"['dP', 'Me_dA', 'L', 'dL', 'dP', 'Bn_Gly', 'F']",hepta_746,4323,-6.02,7,7,Circle
4362,2020_Townsend,CC(C)C[C@H]1C(=O)N2CCC[C@@H]2C(=O)N(Cc2ccccc2)CC(=O)N[C@@H](Cc2ccccc2)C(=O)N2CCC[C@@H]2C(=O)N(C)[C@H](C)C(=O)N(C)[C@H](CC(C)C)C(=O)N1C,"['dP', 'Me_dA', 'Me_dL', 'meL', 'dP', 'Bn_Gly', 'F']",hepta_785,4362,-6.28,7,7,Circle
4510,2020_Townsend,CC(C)C[C@@H]1NC(=O)[C@@H](CC(C)C)N(C)C(=O)[C@@H](C)NC(=O)[C@@H]2CCCN2C(=O)[C@H](Cc2ccccc2)NC(=O)[C@H](CC(C)C)N(C)C(=O)[C@@H]2CCCN2C1=O,"['P', 'dA', 'Me_dL', 'L', 'P', 'meL', 'F']",hepta_933,4510,-5.63,7,7,Circle
4665,2020_Townsend,CC(C)C[C@@H]1NC(=O)[C@H](C)N(C)C(=O)[C@@H]2CCCN2C(=O)[C@H](Cc2ccccc2)NC(=O)CN(Cc2ccccc2)C(=O)[C@@H]2CCCN2C(=O)[C@@H](CC(C)C)NC1=O,"['P', 'meA', 'L', 'dL', 'P', 'Bn_Gly', 'F']",hepta_1088,4665,-7.13,7,7,Circle
4694,2020_Townsend,CC(C)C[C@@H]1NC(=O)[C@H](C)N(C)C(=O)[C@@H]2CCCN2C(=O)[C@H](Cc2ccccc2)NC(=O)CN(Cc2ccccc2)C(=O)[C@@H]2CCCN2C(=O)[C@H](CC(C)C)N(C)C1=O,"['P', 'meA', 'L', 'meL', 'P', 'Bn_Gly', 'F']",hepta_1117,4694,-5.48,7,7,Circle
4830,2020_Townsend,CC(C)C[C@@H]1NC(=O)[C@H]2CCCN2C(=O)[C@@H](CC(C)C)N(C)C(=O)[C@H](CC(C)C)NC(=O)[C@@H](C)N(C)C(=O)[C@@H]2CCCN2C(=O)[C@H](Cc2ccccc2)NC1=O,"['P', 'Me_dA', 'L', 'Me_dL', 'dP', 'L', 'F']",hepta_1253,4830,-5.46,7,7,Circle
4835,2020_Townsend,CC(C)C[C@@H]1NC(=O)[C@@H](C)N(C)C(=O)[C@@H]2CCCN2C(=O)[C@H](Cc2ccccc2)NC(=O)[C@@H](CC(C)C)N(C)C(=O)[C@H]2CCCN2C(=O)[C@@H](CC(C)C)N(C)C1=O,"['P', 'Me_dA', 'L', 'Me_dL', 'dP', 'Me_dL', 'F']",hepta_1258,4835,-5.98,7,7,Circle
4843,2020_Townsend,CC(C)C[C@@H]1NC(=O)[C@@H](C)N(C)C(=O)[C@@H]2CCCN2C(=O)[C@H](Cc2ccccc2)NC(=O)[C@H](CC(C)C)N(C)C(=O)[C@H]2CCCN2C(=O)[C@@H](CC(C)C)N(C)C1=O,"['P', 'Me_dA', 'L', 'Me_dL', 'dP', 'meL', 'F']",hepta_1266,4843,-5.62,7,7,Circle
4855,2020_Townsend,CC(C)C[C@H]1C(=O)N(C)[C@H](CC(C)C)C(=O)N2CCC[C@@H]2C(=O)N(C)[C@H](CC(C)C)C(=O)N[C@@H](Cc2ccccc2)C(=O)N2CCC[C@H]2C(=O)N(C)[C@H](C)C(=O)N1C,"['P', 'Me_dA', 'meL', 'Me_dL', 'dP', 'Me_dL', 'F']",hepta_1278,4855,-5.5,7,7,Circle
4906,2020_Townsend,CC(C)C[C@H]1NC(=O)[C@@H]2CCCN2C(=O)[C@@H](CC(C)C)N(C)C(=O)[C@@H](CC(C)C)NC(=O)C[C@H](Cc2ccccc2)NC(=O)[C@H]2CCCN2C(=O)[C@H](Cc2ccccc2)NC1=O,"['dP', 'bHph', 'dL', 'Me_dL', 'P', 'dL', 'F']",hepta_1329,4906,-5.82,7,7,Circle
4909,2020_Townsend,CC(C)C[C@@H]1NC(=O)[C@@H]2CCCN2C(=O)[C@@H](CC(C)C)N(C)C(=O)[C@@H](CC(C)C)NC(=O)C[C@H](Cc2ccccc2)NC(=O)[C@H]2CCCN2C(=O)[C@H](Cc2ccccc2)NC1=O,"['dP', 'bHph', 'dL', 'Me_dL', 'P', 'L', 'F']",hepta_1332,4909,-5.64,7,7,Circle
4926,2020_Townsend,CC(C)C[C@H]1NC(=O)C[C@H](Cc2ccccc2)NC(=O)[C@H]2CCCN2C(=O)[C@H](Cc2ccccc2)NC(=O)[C@@H](CC(C)C)N(C)C(=O)[C@@H]2CCCN2C(=O)[C@@H](CC(C)C)N(C)C1=O,"['dP', 'bHph', 'dL', 'Me_dL', 'P', 'Me_dL', 'F']",hepta_1349,4926,-5.32,7,7,Circle
4929,2020_Townsend,CC(C)C[C@H]1C(=O)N[C@@H](Cc2ccccc2)C(=O)N2CCC[C@@H]2C(=O)N[C@@H](Cc2ccccc2)CC(=O)N[C@H](CC(C)C)C(=O)N(C)[C@H](CC(C)C)C(=O)N2CCC[C@H]2C(=O)N1C,"['dP', 'bHph', 'dL', 'Me_dL', 'P', 'meL', 'F']",hepta_1352,4929,-5.31,7,7,Circle
4955,2020_Townsend,CC(C)C[C@H]1NC(=O)C[C@H](Cc2ccccc2)NC(=O)[C@H]2CCCN2C(=O)[C@H](Cc2ccccc2)NC(=O)CN(Cc2ccccc2)C(=O)[C@@H]2CCCN2C(=O)[C@@H](CC(C)C)N(C)C1=O,"['dP', 'bHph', 'dL', 'Me_dL', 'P', 'Bn_Gly', 'F']",hepta_1378,4955,-5.68,7,7,Circle
4963,2020_Townsend,CC(C)C[C@H]1C(=O)N[C@@H](Cc2ccccc2)C(=O)N2CCC[C@@H]2C(=O)N[C@@H](Cc2ccccc2)CC(=O)N[C@H](CC(C)C)C(=O)N(Cc2ccccc2)CC(=O)N2CCC[C@H]2C(=O)N1C,"['dP', 'bHph', 'dL', 'Bn_Gly', 'P', 'meL', 'F']",hepta_1386,4963,-5.53,7,7,Circle
5003,2020_Townsend,CC(C)C[C@H]1NC(=O)[C@H]2CCCN2C(=O)[C@@H](CC(C)C)N(C)C(=O)[C@@H](CC(C)C)NC(=O)C[C@H](Cc2ccccc2)NC(=O)[C@H]2CCCN2C(=O)[C@H](Cc2ccccc2)NC1=O,"['dP', 'bHph', 'dL', 'Me_dL', 'dP', 'dL', 'F']",hepta_1426,5003,-5.58,7,7,Circle
5008,2020_Townsend,CC(C)C[C@@H]1NC(=O)[C@H]2CCCN2C(=O)[C@@H](CC(C)C)N(C)C(=O)[C@@H](CC(C)C)NC(=O)C[C@H](Cc2ccccc2)NC(=O)[C@H]2CCCN2C(=O)[C@H](Cc2ccccc2)NC1=O,"['dP', 'bHph', 'dL', 'Me_dL', 'dP', 'L', 'F']",hepta_1431,5008,-5.75,7,7,Circle
5024,2020_Townsend,CC(C)C[C@H]1C(=O)N[C@@H](Cc2ccccc2)C(=O)N2CCC[C@@H]2C(=O)N[C@@H](Cc2ccccc2)CC(=O)N[C@H](CC(C)C)C(=O)N(C)[C@H](CC(C)C)C(=O)N2CCC[C@@H]2C(=O)N1C,"['dP', 'bHph', 'dL', 'Me_dL', 'dP', 'meL', 'F']",hepta_1447,5024,-5.32,7,7,Circle
5028,2020_Townsend,CC(C)C[C@@H]1NC(=O)[C@@H](CC(C)C)N(C)C(=O)C[C@H](Cc2ccccc2)NC(=O)[C@H]2CCCN2C(=O)[C@H](Cc2ccccc2)NC(=O)[C@@H](CC(C)C)N(C)C(=O)[C@H]2CCCN2C1=O,"['dP', 'bHph', 'Me_dL', 'L', 'dP', 'Me_dL', 'F']",hepta_1451,5028,-5.53,7,7,Circle
5034,2020_Townsend,CC(C)C[C@@H]1NC(=O)[C@@H](CC(C)C)N(C)C(=O)C[C@H](Cc2ccccc2)NC(=O)[C@H]2CCCN2C(=O)[C@H](Cc2ccccc2)NC(=O)[C@H](CC(C)C)N(C)C(=O)[C@H]2CCCN2C1=O,"['dP', 'bHph', 'Me_dL', 'L', 'dP', 'meL', 'F']",hepta_1457,5034,-5.46,7,7,Circle
5039,2020_Townsend,CC(C)C[C@@H]1NC(=O)C[C@H](Cc2ccccc2)NC(=O)[C@H]2CCCN2C(=O)[C@H](Cc2ccccc2)NC(=O)[C@H](CC(C)C)N(C)C(=O)[C@H]2CCCN2C(=O)[C@H](CC(C)C)N(C)C1=O,"['dP', 'bHph', 'L', 'meL', 'dP', 'meL', 'F']",hepta_1462,5039,-5.4,7,7,Circle
5083,2020_Townsend,CCCN1CC(=O)N[C@@H](CC(C)C)C(=O)N[C@H](CC(C)C)C(=O)N2CCC[C@@H]2C(=O)N[C@H](CC(C)C)C(=O)N[C@@H](Cc2ccccc2)C(=O)N2CCC[C@@H]2C1=O,"['dP', 'Pr_Gly', 'L', 'dL', 'dP', 'dL', 'F']",hepta_1506,5083,-5.82,7,7,Circle
5090,2020_Townsend,CCCN1CC(=O)N(C)[C@H](CC(C)C)C(=O)N[C@H](CC(C)C)C(=O)N2CCC[C@@H]2C(=O)N[C@@H](CC(C)C)C(=O)N[C@@H](Cc2ccccc2)C(=O)N2CCC[C@@H]2C1=O,"['dP', 'Pr_Gly', 'Me_dL', 'dL', 'dP', 'L', 'F']",hepta_1513,5090,-5.88,7,7,Circle
5095,2020_Townsend,CCCN1CC(=O)N(C)[C@H](CC(C)C)C(=O)N[C@@H](CC(C)C)C(=O)N2CCC[C@@H]2C(=O)N[C@@H](CC(C)C)C(=O)N[C@@H](Cc2ccccc2)C(=O)N2CCC[C@@H]2C1=O,"['dP', 'Pr_Gly', 'Me_dL', 'L', 'dP', 'L', 'F']",hepta_1518,5095,-5.79,7,7,Circle
5097,2020_Townsend,CCCN1CC(=O)N[C@@H](CC(C)C)C(=O)N(C)[C@@H](CC(C)C)C(=O)N2CCC[C@@H]2C(=O)N[C@H](CC(C)C)C(=O)N[C@@H](Cc2ccccc2)C(=O)N2CCC[C@@H]2C1=O,"['dP', 'Pr_Gly', 'L', 'meL', 'dP', 'dL', 'F']",hepta_1520,5097,-5.51,7,7,Circle
5102,2020_Townsend,CCCN1CC(=O)N[C@@H](CC(C)C)C(=O)N(C)[C@@H](CC(C)C)C(=O)N2CCC[C@@H]2C(=O)N[C@@H](CC(C)C)C(=O)N[C@@H](Cc2ccccc2)C(=O)N2CCC[C@@H]2C1=O,"['dP', 'Pr_Gly', 'L', 'meL', 'dP', 'L', 'F']",hepta_1525,5102,-5.32,7,7,Circle
5103,2020_Townsend,CCCN1CC(=O)N[C@@H](CC(C)C)C(=O)N[C@@H](CC(C)C)C(=O)N2CCC[C@@H]2C(=O)N(C)[C@@H](CC(C)C)C(=O)N[C@@H](Cc2ccccc2)C(=O)N2CCC[C@@H]2C1=O,"['dP', 'Pr_Gly', 'L', 'L', 'dP', 'meL', 'F']",hepta_1526,5103,-5.52,7,7,Circle
5105,2020_Townsend,CCCN1CC(=O)N(C)[C@H](CC(C)C)C(=O)N[C@H](CC(C)C)C(=O)N2CCC[C@@H]2C(=O)N(C)[C@H](CC(C)C)C(=O)N[C@@H](Cc2ccccc2)C(=O)N2CCC[C@@H]2C1=O,"['dP', 'Pr_Gly', 'Me_dL', 'dL', 'dP', 'Me_dL', 'F']",hepta_1528,5105,-5.24,7,7,Circle
5117,2020_Townsend,CCCN1CC(=O)N(C)[C@H](CC(C)C)C(=O)N[C@@H](CC(C)C)C(=O)N2CCC[C@@H]2C(=O)N(C)[C@@H](CC(C)C)C(=O)N[C@@H](Cc2ccccc2)C(=O)N2CCC[C@@H]2C1=O,"['dP', 'Pr_Gly', 'Me_dL', 'L', 'dP', 'meL', 'F']",hepta_1540,5117,-5.0,7,7,Circle
5120,2020_Townsend,CCCN1CC(=O)N[C@@H](CC(C)C)C(=O)N[C@H](CC(C)C)C(=O)N2CCC[C@@H]2C(=O)N(Cc2ccccc2)CC(=O)N[C@@H](Cc2ccccc2)C(=O)N2CCC[C@@H]2C1=O,"['dP', 'Pr_Gly', 'L', 'dL', 'dP', 'Bn_Gly', 'F']",hepta_1543,5120,-5.55,7,7,Circle
5121,2020_Townsend,CCCN1CC(=O)N[C@@H](CC(C)C)C(=O)N(Cc2ccccc2)CC(=O)N2CCC[C@@H]2C(=O)N[C@H](CC(C)C)C(=O)N[C@@H](Cc2ccccc2)C(=O)N2CCC[C@@H]2C1=O,"['dP', 'Pr_Gly', 'L', 'Bn_Gly', 'dP', 'dL', 'F']",hepta_1544,5121,-5.75,7,7,Circle
5125,2020_Townsend,CCCN1CC(=O)N[C@@H](CC(C)C)C(=O)N(C)[C@@H](CC(C)C)C(=O)N2CCC[C@@H]2C(=O)N(C)[C@@H](CC(C)C)C(=O)N[C@@H](Cc2ccccc2)C(=O)N2CCC[C@@H]2C1=O,"['dP', 'Pr_Gly', 'L', 'meL', 'dP', 'meL', 'F']",hepta_1548,5125,-4.96,7,7,Circle
5138,2020_Townsend,CCCN1CC(=O)N(C)[C@H](CC(C)C)C(=O)N(C)[C@@H](CC(C)C)C(=O)N2CCC[C@@H]2C(=O)N(C)[C@@H](CC(C)C)C(=O)N[C@@H](Cc2ccccc2)C(=O)N2CCC[C@@H]2C1=O,"['dP', 'Pr_Gly', 'Me_dL', 'meL', 'dP', 'meL', 'F']",hepta_1561,5138,-4.85,7,7,Circle
5141,2020_Townsend,CCCN1CC(=O)N(C)[C@@H](CC(C)C)C(=O)N(Cc2ccccc2)CC(=O)N2CCC[C@@H]2C(=O)N[C@H](CC(C)C)C(=O)N[C@@H](Cc2ccccc2)C(=O)N2CCC[C@@H]2C1=O,"['dP', 'Pr_Gly', 'meL', 'Bn_Gly', 'dP', 'dL', 'F']",hepta_1564,5141,-5.44,7,7,Circle
5143,2020_Townsend,CCCN1CC(=O)N[C@@H](CC(C)C)C(=O)N(C)[C@H](CC(C)C)C(=O)N2CCC[C@@H]2C(=O)N(Cc2ccccc2)CC(=O)N[C@@H](Cc2ccccc2)C(=O)N2CCC[C@@H]2C1=O,"['dP', 'Pr_Gly', 'L', 'Me_dL', 'dP', 'Bn_Gly', 'F']",hepta_1566,5143,-5.52,7,7,Circle
5148,2020_Townsend,CCCN1CC(=O)N[C@@H](CC(C)C)C(=O)N(C)[C@@H](CC(C)C)C(=O)N2CCC[C@@H]2C(=O)N(Cc2ccccc2)CC(=O)N[C@@H](Cc2ccccc2)C(=O)N2CCC[C@@H]2C1=O,"['dP', 'Pr_Gly', 'L', 'meL', 'dP', 'Bn_Gly', 'F']",hepta_1571,5148,-5.14,7,7,Circle
5150,2020_Townsend,CCCN1CC(=O)N(C)[C@@H](CC(C)C)C(=O)N[C@@H](CC(C)C)C(=O)N2CCC[C@@H]2C(=O)N(Cc2ccccc2)CC(=O)N[C@@H](Cc2ccccc2)C(=O)N2CCC[C@@H]2C1=O,"['dP', 'Pr_Gly', 'meL', 'L', 'dP', 'Bn_Gly', 'F']",hepta_1573,5150,-5.41,7,7,Circle
5154,2020_Townsend,CCCN1CC(=O)N(C)[C@H](CC(C)C)C(=O)N(C)[C@H](CC(C)C)C(=O)N2CCC[C@@H]2C(=O)N(Cc2ccccc2)CC(=O)N[C@@H](Cc2ccccc2)C(=O)N2CCC[C@@H]2C1=O,"['dP', 'Pr_Gly', 'Me_dL', 'Me_dL', 'dP', 'Bn_Gly', 'F']",hepta_1577,5154,-5.58,7,7,Circle
5157,2020_Townsend,CCCN1CC(=O)N(C)[C@@H](CC(C)C)C(=O)N(C)[C@H](CC(C)C)C(=O)N2CCC[C@@H]2C(=O)N(Cc2ccccc2)CC(=O)N[C@@H](Cc2ccccc2)C(=O)N2CCC[C@@H]2C1=O,"['dP', 'Pr_Gly', 'meL', 'Me_dL', 'dP', 'Bn_Gly', 'F']",hepta_1580,5157,-5.63,7,7,Circle
5159,2020_Townsend,CCCN1CC(=O)N(C)[C@@H](CC(C)C)C(=O)N(Cc2ccccc2)CC(=O)N2CCC[C@@H]2C(=O)N(C)[C@H](CC(C)C)C(=O)N[C@@H](Cc2ccccc2)C(=O)N2CCC[C@@H]2C1=O,"['dP', 'Pr_Gly', 'meL', 'Bn_Gly', 'dP', 'Me_dL', 'F']",hepta_1582,5159,-5.31,7,7,Circle
5160,2020_Townsend,CCCN1CC(=O)N(C)[C@H](CC(C)C)C(=O)N(C)[C@@H](CC(C)C)C(=O)N2CCC[C@@H]2C(=O)N(Cc2ccccc2)CC(=O)N[C@@H](Cc2ccccc2)C(=O)N2CCC[C@@H]2C1=O,"['dP', 'Pr_Gly', 'Me_dL', 'meL', 'dP', 'Bn_Gly', 'F']",hepta_1583,5160,-5.1,7,7,Circle
5164,2020_Townsend,CCCN1CC(=O)N(C)[C@@H](CC(C)C)C(=O)N(C)[C@@H](CC(C)C)C(=O)N2CCC[C@@H]2C(=O)N(Cc2ccccc2)CC(=O)N[C@@H](Cc2ccccc2)C(=O)N2CCC[C@@H]2C1=O,"['dP', 'Pr_Gly', 'meL', 'meL', 'dP', 'Bn_Gly', 'F']",hepta_1587,5164,-6.32,7,7,Circle
5165,2020_Townsend,CCCN1CC(=O)N(C)[C@@H](CC(C)C)C(=O)N(Cc2ccccc2)CC(=O)N2CCC[C@@H]2C(=O)N(C)[C@@H](CC(C)C)C(=O)N[C@@H](Cc2ccccc2)C(=O)N2CCC[C@@H]2C1=O,"['dP', 'Pr_Gly', 'meL', 'Bn_Gly', 'dP', 'meL', 'F']",hepta_1588,5165,-5.17,7,7,Circle
5167,2020_Townsend,CCCN1CC(=O)N(Cc2ccccc2)CC(=O)N[C@@H](CC(C)C)C(=O)N2CCC[C@@H]2C(=O)N(Cc2ccccc2)CC(=O)N[C@@H](Cc2ccccc2)C(=O)N2CCC[C@@H]2C1=O,"['dP', 'Pr_Gly', 'Bn_Gly', 'L', 'dP', 'Bn_Gly', 'F']",hepta_1590,5167,-5.59,7,7,Circle
5173,2020_Townsend,CCCN1CC(=O)N(C)[C@@H](CC(C)C)C(=O)N(Cc2ccccc2)CC(=O)N2CCC[C@@H]2C(=O)N(Cc2ccccc2)CC(=O)N[C@@H](Cc2ccccc2)C(=O)N2CCC[C@@H]2C1=O,"['dP', 'Pr_Gly', 'meL', 'Bn_Gly', 'dP', 'Bn_Gly', 'F']",hepta_1596,5173,-5.99,7,7,Circle
5182,2020_Townsend,CC(C)C[C@H]1NC(=O)[C@@H]2CCCN2C(=O)[C@@H](CC(C)C)N(C)C(=O)[C@@H](CC(C)C)NC(=O)C[C@H](Cc2ccccc2)NC(=O)[C@@H]2CCCN2C(=O)[C@H](Cc2ccccc2)NC1=O,"['P', 'bHph', 'dL', 'Me_dL', 'P', 'dL', 'F']",hepta_1605,5182,-5.54,7,7,Circle
5190,2020_Townsend,CC(C)C[C@@H]1NC(=O)[C@@H]2CCCN2C(=O)[C@@H](CC(C)C)N(C)C(=O)[C@@H](CC(C)C)NC(=O)C[C@H](Cc2ccccc2)NC(=O)[C@@H]2CCCN2C(=O)[C@H](Cc2ccccc2)NC1=O,"['P', 'bHph', 'dL', 'Me_dL', 'P', 'L', 'F']",hepta_1613,5190,-5.39,7,7,Circle
5199,2020_Townsend,CC(C)C[C@H]1NC(=O)C[C@H](Cc2ccccc2)NC(=O)[C@@H]2CCCN2C(=O)[C@H](Cc2ccccc2)NC(=O)[C@@H](CC(C)C)N(C)C(=O)[C@@H]2CCCN2C(=O)[C@@H](CC(C)C)N(C)C1=O,"['P', 'bHph', 'dL', 'Me_dL', 'P', 'Me_dL', 'F']",hepta_1622,5199,-5.49,7,7,Circle
5202,2020_Townsend,CC(C)C[C@H]1C(=O)N[C@@H](Cc2ccccc2)C(=O)N2CCC[C@H]2C(=O)N[C@@H](Cc2ccccc2)CC(=O)N[C@H](CC(C)C)C(=O)N(C)[C@H](CC(C)C)C(=O)N2CCC[C@H]2C(=O)N1C,"['P', 'bHph', 'dL', 'Me_dL', 'P', 'meL', 'F']",hepta_1625,5202,-5.56,7,7,Circle
5356,2020_Townsend,CC(C)C[C@H]1NC(=O)[C@H]2CCCN2C(=O)[C@@H](CC(C)C)N(C)C(=O)[C@@H](CC(C)C)NC(=O)C[C@H](Cc2ccccc2)NC(=O)[C@@H]2CCCN2C(=O)[C@H](Cc2ccccc2)NC1=O,"['P', 'bHph', 'dL', 'Me_dL', 'dP', 'dL', 'F']",hepta_1779,5356,-5.48,7,7,Circle
5368,2020_Townsend,CC(C)C[C@H]1NC(=O)C[C@H](Cc2ccccc2)NC(=O)[C@@H]2CCCN2C(=O)[C@H](Cc2ccccc2)NC(=O)[C@@H](CC(C)C)N(C)C(=O)[C@H]2CCCN2C(=O)[C@@H](CC(C)C)N(C)C1=O,"['P', 'bHph', 'dL', 'Me_dL', 'dP', 'Me_dL', 'F']",hepta_1791,5368,-5.33,7,7,Circle
5371,2020_Townsend,CC(C)C[C@H]1C(=O)N[C@@H](Cc2ccccc2)C(=O)N2CCC[C@H]2C(=O)N[C@@H](Cc2ccccc2)CC(=O)N[C@H](CC(C)C)C(=O)N(C)[C@H](CC(C)C)C(=O)N2CCC[C@@H]2C(=O)N1C,"['P', 'bHph', 'dL', 'Me_dL', 'dP', 'meL', 'F']",hepta_1794,5371,-5.31,7,7,Circle
5394,2020_Townsend,CC(C)C[C@H]1NC(=O)C[C@H](Cc2ccccc2)NC(=O)[C@@H]2CCCN2C(=O)[C@H](Cc2ccccc2)NC(=O)CN(Cc2ccccc2)C(=O)[C@H]2CCCN2C(=O)[C@@H](CC(C)C)N(C)C1=O,"['P', 'bHph', 'dL', 'Me_dL', 'dP', 'Bn_Gly', 'F']",hepta_1817,5394,-5.83,7,7,Circle
5570,2020_Townsend,CC(C)C[C@H]1NC(=O)[C@@H](CC(C)C)N(C)C(=O)[C@H](C)N(C)C(=O)[C@@H]2CCCN2C(=O)[C@H](Cc2ccccc2)NC(=O)CN(Cc2ccccc2)C(=O)[C@H]2CCCN2C1=O,"['P', 'meA', 'Me_dL', 'dL', 'dP', 'Bn_Gly', 'F']",hepta_1993,5570,-10.0,7,7,Circle
5669,2021_Kelly,CC(=O)N1CCC[C@H]1C(=O)N(C)[C@@H](CC(C)C)C(=O)N[C@@H]1C(=O)N[C@@H](CC(C)C)C(=O)N[C@@H](CC(C)C)C(=O)N[C@@H](CC(C)C)C(=O)N[C@@H](C)C(=O)N[C@@H](CC(C)C)C(=O)N2CCC[C@H]2C(=O)O[C@@H]1C,"['ac-', 'P', 'meL', 'T', 'L', 'L', 'L', 'A', 'L', 'P']",L1_1.1.1.1.1.1,5669,-6.43,10,7,Lariat
6768,2021_Kelly,CC(=O)N1CCC[C@H]1C(=O)N[C@@H]1C(=O)N(C)[C@H](CC(C)C)C(=O)N[C@@H](CC(C)C)C(=O)N[C@@H](CC(C)C)C(=O)N[C@@H](CC(C)C)C(=O)N[C@@H](C)C(=O)N[C@@H](CC(C)C)C(=O)N2CCC[C@@H]2C(=O)O[C@@H]1C,"['ac-', 'P', 'T', 'Me_dL', 'L', 'L', 'L', 'A', 'L', 'dP']",L2_1.1.1.1.1,6768,-6.81,10,8,Lariat
6982,2021_Kelly,CC(=O)N[C@@H]1C(=O)N2CCC[C@H]2C(=O)N(C)[C@H](CC(C)C)C(=O)N[C@@H](CC(C)C)C(=O)N[C@@H](CC(C)C)C(=O)N[C@@H](CC(C)C)C(=O)N[C@@H](C)C(=O)N[C@@H](CC(C)C)C(=O)N2CCC[C@@H]2C(=O)O[C@@H]1C,"['ac-', 'T', 'P', 'Me_dL', 'L', 'L', 'L', 'A', 'L', 'dP']",L4_1.1.1.1.1,6982,-6.64,10,9,Lariat
7068,2021_Kelly,CC[C@@H]1NC(=O)[C@@H](Cc2ccccc2)NC(=O)[C@@H](NC(=O)[C@@H](CC(C)C)N(C)C(=O)[C@@H]2CCCN2C(C)=O)[C@@H](C)OC(=O)[C@@H]2CCCN2C(=O)[C@H](CC(C)C)NC(=O)[C@@H](C)N(C)C(=O)[C@@H](CC)NC1=O,"['ac-', 'P', 'Me_dL', 'T', 'dF', 'Abu', 'dAbu', 'Me_dA', 'L', 'P']",L5_0,7068,-6.85,10,7,Lariat
7069,2021_Kelly,CC[C@H]1NC(=O)[C@@H](NC(=O)[C@@H](CC(C)C)N(C)C(=O)[C@@H]2CCCN2C(C)=O)[C@@H](C)OC(=O)[C@@H]2CCCN2C(=O)[C@H](CC(C)C)NC(=O)[C@@H](C)N(C)C(=O)[C@@H](CC)NC(=O)[C@H](Cc2ccccc2)NC1=O,"['ac-', 'P', 'Me_dL', 'T', 'dAbu', 'F', 'dAbu', 'Me_dA', 'L', 'P']",L5_1,7069,-6.85,10,7,Lariat
7070,2021_Kelly,CCC[C@H]1NC(=O)[C@@H](NC(=O)[C@@H](CC(C)C)N(C)C(=O)[C@@H]2CCCN2C(C)=O)[C@@H](C)OC(=O)[C@@H]2CCCN2C(=O)[C@H](CC(C)C)NC(=O)[C@@H](C)N(C)C(=O)[C@@H](CC(C)C)NC(=O)[C@H](CC(C)C)NC1=O,"['ac-', 'P', 'Me_dL', 'T', 'dNva', 'L', 'dL', 'Me_dA', 'L', 'P']",L5_10,7070,-5.47,10,7,Lariat
7071,2021_Kelly,CC(=O)N1CCC[C@H]1C(=O)N(C)[C@H](CC(C)C)C(=O)N[C@@H]1C(=O)N[C@H](Cc2ccc(F)cc2)C(=O)N[C@@H](CCc2ccccc2)C(=O)N[C@H](Cc2ccc(F)c(F)c2)C(=O)N(C)[C@H](C)C(=O)N[C@@H](CC(C)C)C(=O)N2CCC[C@H]2C(=O)O[C@@H]1C,"['ac-', 'P', 'Me_dL', 'T', 'dPhe(4-F)', 'Hph', 'dPhe(3,4-diF)', 'Me_dA', 'L', 'P']",L5_100,7071,-5.98,10,7,Lariat
7072,2021_Kelly,CC(=O)N1CCC[C@H]1C(=O)N(C)[C@H](CC(C)C)C(=O)N[C@@H]1C(=O)N[C@H](Cc2ccc(F)c(F)c2)C(=O)N[C@@H](CCc2ccccc2)C(=O)N[C@H](Cc2ccc(F)c(F)c2)C(=O)N(C)[C@H](C)C(=O)N[C@@H](CC(C)C)C(=O)N2CCC[C@H]2C(=O)O[C@@H]1C,"['ac-', 'P', 'Me_dL', 'T', 'dPhe(3,4-diF)', 'Hph', 'dPhe(3,4-diF)', 'Me_dA', 'L', 'P']",L5_101,7072,-6.79,10,7,Lariat
7073,2021_Kelly,CC(=O)N1CCC[C@H]1C(=O)N(C)[C@H](CC(C)C)C(=O)N[C@@H]1C(=O)N[C@H](Cc2ccccc2)C(=O)N[C@@H](CC(C)C)C(=O)N[C@H](Cc2cccc3ccccc23)C(=O)N(C)[C@H](C)C(=O)N[C@@H](CC(C)C)C(=O)N2CCC[C@H]2C(=O)O[C@@H]1C,"['ac-', 'P', 'Me_dL', 'T', 'dF', 'L', 'd1-Nal', 'Me_dA', 'L', 'P']",L5_102,7073,-5.99,10,7,Lariat
7074,2021_Kelly,COc1ccc(C[C@@H]2NC(=O)[C@@H](Cc3cccc4ccccc34)NC(=O)[C@@H](NC(=O)[C@@H](CC(C)C)N(C)C(=O)[C@@H]3CCCN3C(C)=O)[C@@H](C)OC(=O)[C@@H]3CCCN3C(=O)[C@H](CC(C)C)NC(=O)[C@@H](C)N(C)C(=O)[C@@H](CC(C)C)NC2=O)cc1,"['ac-', 'P', 'Me_dL', 'T', 'd1-Nal', 'Tyr(Me)', 'dL', 'Me_dA', 'L', 'P']",L5_103,7074,-6.85,10,7,Lariat
7075,2021_Kelly,COc1ccc(C[C@@H]2NC(=O)[C@@H](CC(C)C)NC(=O)[C@@H](NC(=O)[C@@H](CC(C)C)N(C)C(=O)[C@@H]3CCCN3C(C)=O)[C@@H](C)OC(=O)[C@@H]3CCCN3C(=O)[C@H](CC(C)C)NC(=O)[C@@H](C)N(C)C(=O)[C@@H](Cc3cccc4ccccc34)NC2=O)cc1,"['ac-', 'P', 'Me_dL', 'T', 'dL', 'Tyr(Me)', 'd1-Nal', 'Me_dA', 'L', 'P']",L5_104,7075,-6.32,10,7,Lariat
7076,2021_Kelly,CC(=O)N1CCC[C@H]1C(=O)N(C)[C@H](CC(C)C)C(=O)N[C@@H]1C(=O)N[C@H](CC2CCCCC2)C(=O)N[C@@H](Cc2ccccc2)C(=O)N[C@H](Cc2ccc(F)c(F)c2)C(=O)N(C)[C@H](C)C(=O)N[C@@H](CC(C)C)C(=O)N2CCC[C@H]2C(=O)O[C@@H]1C,"['ac-', 'P', 'Me_dL', 'T', 'dCha', 'F', 'dPhe(3,4-diF)', 'Me_dA', 'L', 'P']",L5_105,7076,-5.2,10,7,Lariat
7077,2021_Kelly,COc1ccc(C[C@@H]2NC(=O)[C@@H](CC3CCCCC3)NC(=O)[C@@H](NC(=O)[C@@H](CC(C)C)N(C)C(=O)[C@@H]3CCCN3C(C)=O)[C@@H](C)OC(=O)[C@@H]3CCCN3C(=O)[C@H](CC(C)C)NC(=O)[C@@H](C)N(C)C(=O)[C@@H](Cc3ccc(F)c(F)c3)NC2=O)cc1,"['ac-', 'P', 'Me_dL', 'T', 'dCha', 'Tyr(Me)', 'dPhe(3,4-diF)', 'Me_dA', 'L', 'P']",L5_106,7077,-6.66,10,7,Lariat
7078,2021_Kelly,CC(=O)N1CCC[C@H]1C(=O)N(C)[C@H](CC(C)C)C(=O)N[C@@H]1C(=O)N[C@H](Cc2ccccc2)C(=O)N[C@@H](Cc2ccc([N+](=O)[O-])cc2)C(=O)N[C@H](Cc2cccc3ccccc23)C(=O)N(C)[C@H](C)C(=O)N[C@@H](CC(C)C)C(=O)N2CCC[C@H]2C(=O)O[C@@H]1C,"['ac-', 'P', 'Me_dL', 'T', 'dF', 'Phe(4-NO2)', 'd1-Nal', 'Me_dA', 'L', 'P']",L5_107,7078,-6.85,10,7,Lariat
7079,2021_Kelly,CC(=O)N1CCC[C@H]1C(=O)N(C)[C@H](CC(C)C)C(=O)N[C@@H]1C(=O)N[C@H](Cc2ccc(F)cc2)C(=O)N[C@@H](CC(C)C)C(=O)N[C@H](Cc2cccc3ccccc23)C(=O)N(C)[C@H](C)C(=O)N[C@@H](CC(C)C)C(=O)N2CCC[C@H]2C(=O)O[C@@H]1C,"['ac-', 'P', 'Me_dL', 'T', 'dPhe(4-F)', 'L', 'd1-Nal', 'Me_dA', 'L', 'P']",L5_108,7079,-6.12,10,7,Lariat
7080,2021_Kelly,CCC[C@H]1NC(=O)[C@@H](NC(=O)[C@@H](CC(C)C)N(C)C(=O)[C@@H]2CCCN2C(C)=O)[C@@H](C)OC(=O)[C@@H]2CCCN2C(=O)[C@H](CC(C)C)NC(=O)[C@@H](C)N(C)C(=O)[C@@H](Cc2cccc3ccccc23)NC(=O)[C@H](CCc2ccccc2)NC1=O,"['ac-', 'P', 'Me_dL', 'T', 'dNva', 'Hph', 'd1-Nal', 'Me_dA', 'L', 'P']",L5_109,7080,-6.16,10,7,Lariat
7081,2021_Kelly,CC[C@H]1NC(=O)[C@@H](NC(=O)[C@@H](CC(C)C)N(C)C(=O)[C@@H]2CCCN2C(C)=O)[C@@H](C)OC(=O)[C@@H]2CCCN2C(=O)[C@H](CC(C)C)NC(=O)[C@@H](C)N(C)C(=O)[C@@H](Cc2ccccc2)NC(=O)[C@H](Cc2ccccc2)NC1=O,"['ac-', 'P', 'Me_dL', 'T', 'dAbu', 'F', 'dF', 'Me_dA', 'L', 'P']",L5_11,7081,-5.66,10,7,Lariat
7082,2021_Kelly,CC(=O)N1CCC[C@H]1C(=O)N(C)[C@H](CC(C)C)C(=O)N[C@@H]1C(=O)N[C@H](CC2CCCCC2)C(=O)N[C@@H](CCc2ccccc2)C(=O)N[C@H](Cc2ccccc2)C(=O)N(C)[C@H](C)C(=O)N[C@@H](CC(C)C)C(=O)N2CCC[C@H]2C(=O)O[C@@H]1C,"['ac-', 'P', 'Me_dL', 'T', 'dCha', 'Hph', 'dF', 'Me_dA', 'L', 'P']",L5_110,7082,-6.85,10,7,Lariat
7083,2021_Kelly,CC(=O)N1CCC[C@H]1C(=O)N(C)[C@H](CC(C)C)C(=O)N[C@@H]1C(=O)N[C@H](CC2CCCCC2)C(=O)N[C@@H](CCc2ccccc2)C(=O)N[C@H](Cc2ccc(F)cc2)C(=O)N(C)[C@H](C)C(=O)N[C@@H](CC(C)C)C(=O)N2CCC[C@H]2C(=O)O[C@@H]1C,"['ac-', 'P', 'Me_dL', 'T', 'dCha', 'Hph', 'dPhe(4-F)', 'Me_dA', 'L', 'P']",L5_111,7083,-6.15,10,7,Lariat
7084,2021_Kelly,COc1ccc(C[C@@H]2NC(=O)[C@@H](Cc3cccc4ccccc34)NC(=O)[C@@H](NC(=O)[C@@H](CC(C)C)N(C)C(=O)[C@@H]3CCCN3C(C)=O)[C@@H](C)OC(=O)[C@@H]3CCCN3C(=O)[C@H](CC(C)C)NC(=O)[C@@H](C)N(C)C(=O)[C@@H](Cc3ccc(F)cc3)NC2=O)cc1,"['ac-', 'P', 'Me_dL', 'T', 'd1-Nal', 'Tyr(Me)', 'dPhe(4-F)', 'Me_dA', 'L', 'P']",L5_112,7084,-6.85,10,7,Lariat
7085,2021_Kelly,COc1ccc(C[C@@H]2NC(=O)[C@@H](Cc3ccc(F)cc3)NC(=O)[C@@H](NC(=O)[C@@H](CC(C)C)N(C)C(=O)[C@@H]3CCCN3C(C)=O)[C@@H](C)OC(=O)[C@@H]3CCCN3C(=O)[C@H](CC(C)C)NC(=O)[C@@H](C)N(C)C(=O)[C@@H](Cc3cccc4ccccc34)NC2=O)cc1,"['ac-', 'P', 'Me_dL', 'T', 'dPhe(4-F)', 'Tyr(Me)', 'd1-Nal', 'Me_dA', 'L', 'P']",L5_113,7085,-6.85,10,7,Lariat
7086,2021_Kelly,CC(=O)N1CCC[C@H]1C(=O)N(C)[C@H](CC(C)C)C(=O)N[C@@H]1C(=O)N[C@H](Cc2cccc3ccccc23)C(=O)N[C@@H](CCc2ccccc2)C(=O)N[C@H](CC(C)C)C(=O)N(C)[C@H](C)C(=O)N[C@@H](CC(C)C)C(=O)N2CCC[C@H]2C(=O)O[C@@H]1C,"['ac-', 'P', 'Me_dL', 'T', 'd1-Nal', 'Hph', 'dL', 'Me_dA', 'L', 'P']",L5_114,7086,-5.46,10,7,Lariat
7087,2021_Kelly,CC(=O)N1CCC[C@H]1C(=O)N(C)[C@H](CC(C)C)C(=O)N[C@@H]1C(=O)N[C@H](Cc2ccc(F)c(F)c2)C(=O)N[C@@H](Cc2ccccc2)C(=O)N[C@H](Cc2cccc3ccccc23)C(=O)N(C)[C@H](C)C(=O)N[C@@H](CC(C)C)C(=O)N2CCC[C@H]2C(=O)O[C@@H]1C,"['ac-', 'P', 'Me_dL', 'T', 'dPhe(3,4-diF)', 'F', 'd1-Nal', 'Me_dA', 'L', 'P']",L5_115,7087,-6.85,10,7,Lariat
7088,2021_Kelly,COc1ccc(C[C@@H]2NC(=O)[C@@H](Cc3cccc4ccccc34)NC(=O)[C@@H](NC(=O)[C@@H](CC(C)C)N(C)C(=O)[C@@H]3CCCN3C(C)=O)[C@@H](C)OC(=O)[C@@H]3CCCN3C(=O)[C@H](CC(C)C)NC(=O)[C@@H](C)N(C)C(=O)[C@@H](Cc3ccc(F)c(F)c3)NC2=O)cc1,"['ac-', 'P', 'Me_dL', 'T', 'd1-Nal', 'Tyr(Me)', 'dPhe(3,4-diF)', 'Me_dA', 'L', 'P']",L5_116,7088,-6.85,10,7,Lariat
7089,2021_Kelly,CC(=O)N1CCC[C@H]1C(=O)N(C)[C@H](CC(C)C)C(=O)N[C@@H]1C(=O)N[C@H](Cc2cccc3ccccc23)C(=O)N[C@@H](CCc2ccccc2)C(=O)N[C@H](Cc2ccccc2)C(=O)N(C)[C@H](C)C(=O)N[C@@H](CC(C)C)C(=O)N2CCC[C@H]2C(=O)O[C@@H]1C,"['ac-', 'P', 'Me_dL', 'T', 'd1-Nal', 'Hph', 'dF', 'Me_dA', 'L', 'P']",L5_117,7089,-6.65,10,7,Lariat
7090,2021_Kelly,CC(=O)N1CCC[C@H]1C(=O)N(C)[C@H](CC(C)C)C(=O)N[C@@H]1C(=O)N[C@H](Cc2ccc(F)c(F)c2)C(=O)N[C@@H](Cc2ccc(F)cc2)C(=O)N[C@H](Cc2cccc3ccccc23)C(=O)N(C)[C@H](C)C(=O)N[C@@H](CC(C)C)C(=O)N2CCC[C@H]2C(=O)O[C@@H]1C,"['ac-', 'P', 'Me_dL', 'T', 'dPhe(3,4-diF)', 'Phe(4-F)', 'd1-Nal', 'Me_dA', 'L', 'P']",L5_118,7090,-6.76,10,7,Lariat
7091,2021_Kelly,CC(=O)N1CCC[C@H]1C(=O)N(C)[C@H](CC(C)C)C(=O)N[C@@H]1C(=O)N[C@H](Cc2ccc(F)cc2)C(=O)N[C@@H](CCc2ccccc2)C(=O)N[C@H](Cc2cccc3ccccc23)C(=O)N(C)[C@H](C)C(=O)N[C@@H](CC(C)C)C(=O)N2CCC[C@H]2C(=O)O[C@@H]1C,"['ac-', 'P', 'Me_dL', 'T', 'dPhe(4-F)', 'Hph', 'd1-Nal', 'Me_dA', 'L', 'P']",L5_119,7091,-6.85,10,7,Lariat
7092,2021_Kelly,CC[C@H]1NC(=O)[C@@H](NC(=O)[C@@H](CC(C)C)N(C)C(=O)[C@@H]2CCCN2C(C)=O)[C@@H](C)OC(=O)[C@@H]2CCCN2C(=O)[C@H](CC(C)C)NC(=O)[C@@H](C)N(C)C(=O)[C@@H](Cc2ccccc2)NC(=O)[C@H](Cc2ccc(OC)cc2)NC1=O,"['ac-', 'P', 'Me_dL', 'T', 'dAbu', 'Tyr(Me)', 'dF', 'Me_dA', 'L', 'P']",L5_12,7092,-5.65,10,7,Lariat
7093,2021_Kelly,CC[C@@H]1NC(=O)[C@@H](Cc2ccccc2)NC(=O)[C@@H](NC(=O)[C@@H](CC(C)C)N(C)C(=O)[C@@H]2CCCN2C(C)=O)[C@@H](C)OC(=O)[C@@H]2CCCN2C(=O)[C@H](CC(C)C)NC(=O)[C@@H](C)N(C)C(=O)[C@@H](Cc2ccc(F)cc2)NC1=O,"['ac-', 'P', 'Me_dL', 'T', 'dF', 'Abu', 'dPhe(4-F)', 'Me_dA', 'L', 'P']",L5_13,7093,-6.03,10,7,Lariat
7094,2021_Kelly,CC[C@H]1NC(=O)[C@@H](NC(=O)[C@@H](CC(C)C)N(C)C(=O)[C@@H]2CCCN2C(C)=O)[C@@H](C)OC(=O)[C@@H]2CCCN2C(=O)[C@H](CC(C)C)NC(=O)[C@@H](C)N(C)C(=O)[C@@H](Cc2ccccc2)NC(=O)[C@H](Cc2ccc(F)cc2)NC1=O,"['ac-', 'P', 'Me_dL', 'T', 'dAbu', 'Phe(4-F)', 'dF', 'Me_dA', 'L', 'P']",L5_14,7094,-5.59,10,7,Lariat
7095,2021_Kelly,CC[C@H]1NC(=O)[C@H](Cc2ccc(OC)cc2)NC(=O)[C@@H](Cc2ccc(F)cc2)NC(=O)[C@@H](NC(=O)[C@@H](CC(C)C)N(C)C(=O)[C@@H]2CCCN2C(C)=O)[C@@H](C)OC(=O)[C@@H]2CCCN2C(=O)[C@H](CC(C)C)NC(=O)[C@@H](C)N(C)C1=O,"['ac-', 'P', 'Me_dL', 'T', 'dPhe(4-F)', 'Tyr(Me)', 'dAbu', 'Me_dA', 'L', 'P']",L5_15,7095,-6.85,10,7,Lariat
7096,2021_Kelly,CC[C@H]1NC(=O)[C@@H](NC(=O)[C@@H](CC(C)C)N(C)C(=O)[C@@H]2CCCN2C(C)=O)[C@@H](C)OC(=O)[C@@H]2CCCN2C(=O)[C@H](CC(C)C)NC(=O)[C@@H](C)N(C)C(=O)[C@@H](Cc2ccc(F)cc2)NC(=O)[C@H](Cc2ccc(OC)cc2)NC1=O,"['ac-', 'P', 'Me_dL', 'T', 'dAbu', 'Tyr(Me)', 'dPhe(4-F)', 'Me_dA', 'L', 'P']",L5_16,7096,-5.72,10,7,Lariat
7097,2021_Kelly,CCC[C@H]1NC(=O)[C@@H](NC(=O)[C@@H](CC(C)C)N(C)C(=O)[C@@H]2CCCN2C(C)=O)[C@@H](C)OC(=O)[C@@H]2CCCN2C(=O)[C@H](CC(C)C)NC(=O)[C@@H](C)N(C)C(=O)[C@@H](Cc2ccccc2)NC(=O)[C@H](CC(C)C)NC1=O,"['ac-', 'P', 'Me_dL', 'T', 'dNva', 'L', 'dF', 'Me_dA', 'L', 'P']",L5_17,7097,-5.46,10,7,Lariat
7098,2021_Kelly,CCC[C@H]1NC(=O)[C@H](Cc2ccc(OC)cc2)NC(=O)[C@@H](CC(C)C)NC(=O)[C@@H](NC(=O)[C@@H](CC(C)C)N(C)C(=O)[C@@H]2CCCN2C(C)=O)[C@@H](C)OC(=O)[C@@H]2CCCN2C(=O)[C@H](CC(C)C)NC(=O)[C@@H](C)N(C)C1=O,"['ac-', 'P', 'Me_dL', 'T', 'dL', 'Tyr(Me)', 'dNva', 'Me_dA', 'L', 'P']",L5_18,7098,-6.06,10,7,Lariat
7099,2021_Kelly,CCC[C@H]1NC(=O)[C@@H](NC(=O)[C@@H](CC(C)C)N(C)C(=O)[C@@H]2CCCN2C(C)=O)[C@@H](C)OC(=O)[C@@H]2CCCN2C(=O)[C@H](CC(C)C)NC(=O)[C@@H](C)N(C)C(=O)[C@@H](CC(C)C)NC(=O)[C@H](Cc2ccc(OC)cc2)NC1=O,"['ac-', 'P', 'Me_dL', 'T', 'dNva', 'Tyr(Me)', 'dL', 'Me_dA', 'L', 'P']",L5_19,7099,-5.86,10,7,Lariat
7100,2021_Kelly,CC[C@H]1NC(=O)[C@@H](NC(=O)[C@@H](CC(C)C)N(C)C(=O)[C@@H]2CCCN2C(C)=O)[C@@H](C)OC(=O)[C@@H]2CCCN2C(=O)[C@H](CC(C)C)NC(=O)[C@@H](C)N(C)C(=O)[C@@H](CC)NC(=O)[C@H](Cc2ccc(F)cc2)NC1=O,"['ac-', 'P', 'Me_dL', 'T', 'dAbu', 'Phe(4-F)', 'dAbu', 'Me_dA', 'L', 'P']",L5_2,7100,-6.56,10,7,Lariat
7101,2021_Kelly,CC(=O)N1CCC[C@H]1C(=O)N(C)[C@H](CC(C)C)C(=O)N[C@@H]1C(=O)N[C@H](CC(C)C)C(=O)N[C@@H](CC(C)C)C(=O)N[C@H](CC(C)C)C(=O)N(C)[C@H](C)C(=O)N[C@@H](CC(C)C)C(=O)N2CCC[C@H]2C(=O)O[C@@H]1C,"['ac-', 'P', 'Me_dL', 'T', 'dL', 'L', 'dL', 'Me_dA', 'L', 'P']",L5_20,6496,-5.34,10,7,Lariat
7102,2021_Kelly,CCC[C@H]1NC(=O)[C@H](CC)NC(=O)[C@@H](CC2CCCCC2)NC(=O)[C@@H](NC(=O)[C@@H](CC(C)C)N(C)C(=O)[C@@H]2CCCN2C(C)=O)[C@@H](C)OC(=O)[C@@H]2CCCN2C(=O)[C@H](CC(C)C)NC(=O)[C@@H](C)N(C)C1=O,"['ac-', 'P', 'Me_dL', 'T', 'dCha', 'Abu', 'dNva', 'Me_dA', 'L', 'P']",L5_21,7102,-5.72,10,7,Lariat
7103,2021_Kelly,CCC[C@H]1NC(=O)[C@@H](NC(=O)[C@@H](CC(C)C)N(C)C(=O)[C@@H]2CCCN2C(C)=O)[C@@H](C)OC(=O)[C@@H]2CCCN2C(=O)[C@H](CC(C)C)NC(=O)[C@@H](C)N(C)C(=O)[C@@H](CC2CCCCC2)NC(=O)[C@H](CC)NC1=O,"['ac-', 'P', 'Me_dL', 'T', 'dNva', 'Abu', 'dCha', 'Me_dA', 'L', 'P']",L5_22,7103,-5.47,10,7,Lariat
7104,2021_Kelly,CCC[C@@H]1NC(=O)[C@@H](CC)NC(=O)[C@@H](NC(=O)[C@@H](CC(C)C)N(C)C(=O)[C@@H]2CCCN2C(C)=O)[C@@H](C)OC(=O)[C@@H]2CCCN2C(=O)[C@H](CC(C)C)NC(=O)[C@@H](C)N(C)C(=O)[C@@H](CC2CCCCC2)NC1=O,"['ac-', 'P', 'Me_dL', 'T', 'dAbu', 'Nva', 'dCha', 'Me_dA', 'L', 'P']",L5_23,7104,-5.32,10,7,Lariat
7105,2021_Kelly,CC[C@H]1NC(=O)[C@H](Cc2ccc(OC)cc2)NC(=O)[C@@H](Cc2ccc(F)c(F)c2)NC(=O)[C@@H](NC(=O)[C@@H](CC(C)C)N(C)C(=O)[C@@H]2CCCN2C(C)=O)[C@@H](C)OC(=O)[C@@H]2CCCN2C(=O)[C@H](CC(C)C)NC(=O)[C@@H](C)N(C)C1=O,"['ac-', 'P', 'Me_dL', 'T', 'dPhe(3,4-diF)', 'Tyr(Me)', 'dAbu', 'Me_dA', 'L', 'P']",L5_24,7105,-5.97,10,7,Lariat
7106,2021_Kelly,CC[C@H]1NC(=O)[C@@H](NC(=O)[C@@H](CC(C)C)N(C)C(=O)[C@@H]2CCCN2C(C)=O)[C@@H](C)OC(=O)[C@@H]2CCCN2C(=O)[C@H](CC(C)C)NC(=O)[C@@H](C)N(C)C(=O)[C@@H](Cc2ccc(F)c(F)c2)NC(=O)[C@H](Cc2ccc(OC)cc2)NC1=O,"['ac-', 'P', 'Me_dL', 'T', 'dAbu', 'Tyr(Me)', 'dPhe(3,4-diF)', 'Me_dA', 'L', 'P']",L5_25,7106,-5.75,10,7,Lariat
7107,2021_Kelly,CC[C@@H]1NC(=O)[C@@H](CC)NC(=O)[C@@H](NC(=O)[C@@H](CC(C)C)N(C)C(=O)[C@@H]2CCCN2C(C)=O)[C@@H](C)OC(=O)[C@@H]2CCCN2C(=O)[C@H](CC(C)C)NC(=O)[C@@H](C)N(C)C(=O)[C@@H](Cc2cccc3ccccc23)NC1=O,"['ac-', 'P', 'Me_dL', 'T', 'dAbu', 'Abu', 'd1-Nal', 'Me_dA', 'L', 'P']",L5_26,7107,-5.93,10,7,Lariat
7108,2021_Kelly,CCC[C@H]1NC(=O)[C@H](Cc2ccc(F)cc2)NC(=O)[C@@H](CC(C)C)NC(=O)[C@@H](NC(=O)[C@@H](CC(C)C)N(C)C(=O)[C@@H]2CCCN2C(C)=O)[C@@H](C)OC(=O)[C@@H]2CCCN2C(=O)[C@H](CC(C)C)NC(=O)[C@@H](C)N(C)C1=O,"['ac-', 'P', 'Me_dL', 'T', 'dL', 'Phe(4-F)', 'dNva', 'Me_dA', 'L', 'P']",L5_27,7108,-5.58,10,7,Lariat
7109,2021_Kelly,CC[C@H]1NC(=O)[C@H](CCc2ccccc2)NC(=O)[C@@H](Cc2ccccc2)NC(=O)[C@@H](NC(=O)[C@@H](CC(C)C)N(C)C(=O)[C@@H]2CCCN2C(C)=O)[C@@H](C)OC(=O)[C@@H]2CCCN2C(=O)[C@H](CC(C)C)NC(=O)[C@@H](C)N(C)C1=O,"['ac-', 'P', 'Me_dL', 'T', 'dF', 'Hph', 'dAbu', 'Me_dA', 'L', 'P']",L5_28,7109,-5.7,10,7,Lariat
7110,2021_Kelly,CC[C@H]1NC(=O)[C@@H](NC(=O)[C@@H](CC(C)C)N(C)C(=O)[C@@H]2CCCN2C(C)=O)[C@@H](C)OC(=O)[C@@H]2CCCN2C(=O)[C@H](CC(C)C)NC(=O)[C@@H](C)N(C)C(=O)[C@@H](Cc2ccccc2)NC(=O)[C@H](CCc2ccccc2)NC1=O,"['ac-', 'P', 'Me_dL', 'T', 'dAbu', 'Hph', 'dF', 'Me_dA', 'L', 'P']",L5_29,7110,-5.53,10,7,Lariat
7111,2021_Kelly,CC[C@@H]1NC(=O)[C@@H](CC)NC(=O)[C@@H](NC(=O)[C@@H](CC(C)C)N(C)C(=O)[C@@H]2CCCN2C(C)=O)[C@@H](C)OC(=O)[C@@H]2CCCN2C(=O)[C@H](CC(C)C)NC(=O)[C@@H](C)N(C)C(=O)[C@@H](Cc2ccc(F)c(F)c2)NC1=O,"['ac-', 'P', 'Me_dL', 'T', 'dAbu', 'Abu', 'dPhe(3,4-diF)', 'Me_dA', 'L', 'P']",L5_3,7111,-6.56,10,7,Lariat
7112,2021_Kelly,CCC[C@H]1NC(=O)[C@@H](NC(=O)[C@@H](CC(C)C)N(C)C(=O)[C@@H]2CCCN2C(C)=O)[C@@H](C)OC(=O)[C@@H]2CCCN2C(=O)[C@H](CC(C)C)NC(=O)[C@@H](C)N(C)C(=O)[C@@H](Cc2ccccc2)NC(=O)[C@H](Cc2ccc(OC)cc2)NC1=O,"['ac-', 'P', 'Me_dL', 'T', 'dNva', 'Tyr(Me)', 'dF', 'Me_dA', 'L', 'P']",L5_30,7112,-5.76,10,7,Lariat
7113,2021_Kelly,COc1ccc(C[C@@H]2NC(=O)[C@@H](CC(C)C)NC(=O)[C@@H](NC(=O)[C@@H](CC(C)C)N(C)C(=O)[C@@H]3CCCN3C(C)=O)[C@@H](C)OC(=O)[C@@H]3CCCN3C(=O)[C@H](CC(C)C)NC(=O)[C@@H](C)N(C)C(=O)[C@@H](CC(C)C)NC2=O)cc1,"['ac-', 'P', 'Me_dL', 'T', 'dL', 'Tyr(Me)', 'dL', 'Me_dA', 'L', 'P']",L5_31,7113,-5.86,10,7,Lariat
7114,2021_Kelly,CCC[C@@H]1NC(=O)[C@@H](CC(C)C)NC(=O)[C@@H](NC(=O)[C@@H](CC(C)C)N(C)C(=O)[C@@H]2CCCN2C(C)=O)[C@@H](C)OC(=O)[C@@H]2CCCN2C(=O)[C@H](CC(C)C)NC(=O)[C@@H](C)N(C)C(=O)[C@@H](Cc2ccc(F)c(F)c2)NC1=O,"['ac-', 'P', 'Me_dL', 'T', 'dL', 'Nva', 'dPhe(3,4-diF)', 'Me_dA', 'L', 'P']",L5_32,7114,-5.42,10,7,Lariat
7115,2021_Kelly,CCC[C@@H]1NC(=O)[C@@H](Cc2ccc(F)cc2)NC(=O)[C@@H](NC(=O)[C@@H](CC(C)C)N(C)C(=O)[C@@H]2CCCN2C(C)=O)[C@@H](C)OC(=O)[C@@H]2CCCN2C(=O)[C@H](CC(C)C)NC(=O)[C@@H](C)N(C)C(=O)[C@@H](Cc2ccccc2)NC1=O,"['ac-', 'P', 'Me_dL', 'T', 'dPhe(4-F)', 'Nva', 'dF', 'Me_dA', 'L', 'P']",L5_33,7115,-5.54,10,7,Lariat
7116,2021_Kelly,CC[C@H]1NC(=O)[C@H](CC(C)C)NC(=O)[C@@H](CC2CCCCC2)NC(=O)[C@@H](NC(=O)[C@@H](CC(C)C)N(C)C(=O)[C@@H]2CCCN2C(C)=O)[C@@H](C)OC(=O)[C@@H]2CCCN2C(=O)[C@H](CC(C)C)NC(=O)[C@@H](C)N(C)C1=O,"['ac-', 'P', 'Me_dL', 'T', 'dCha', 'L', 'dAbu', 'Me_dA', 'L', 'P']",L5_34,7116,-5.29,10,7,Lariat
7117,2021_Kelly,CC[C@H]1NC(=O)[C@@H](NC(=O)[C@@H](CC(C)C)N(C)C(=O)[C@@H]2CCCN2C(C)=O)[C@@H](C)OC(=O)[C@@H]2CCCN2C(=O)[C@H](CC(C)C)NC(=O)[C@@H](C)N(C)C(=O)[C@@H](CC2CCCCC2)NC(=O)[C@H](CC(C)C)NC1=O,"['ac-', 'P', 'Me_dL', 'T', 'dAbu', 'L', 'dCha', 'Me_dA', 'L', 'P']",L5_35,7117,-6.18,10,7,Lariat
7118,2021_Kelly,CCC[C@H]1NC(=O)[C@@H](NC(=O)[C@@H](CC(C)C)N(C)C(=O)[C@@H]2CCCN2C(C)=O)[C@@H](C)OC(=O)[C@@H]2CCCN2C(=O)[C@H](CC(C)C)NC(=O)[C@@H](C)N(C)C(=O)[C@@H](Cc2ccc(F)cc2)NC(=O)[C@H](Cc2ccc(OC)cc2)NC1=O,"['ac-', 'P', 'Me_dL', 'T', 'dNva', 'Tyr(Me)', 'dPhe(4-F)', 'Me_dA', 'L', 'P']",L5_36,7118,-5.75,10,7,Lariat
7119,2021_Kelly,CC[C@@H]1NC(=O)[C@@H](Cc2ccc(F)c(F)c2)NC(=O)[C@@H](NC(=O)[C@@H](CC(C)C)N(C)C(=O)[C@@H]2CCCN2C(C)=O)[C@@H](C)OC(=O)[C@@H]2CCCN2C(=O)[C@H](CC(C)C)NC(=O)[C@@H](C)N(C)C(=O)[C@@H](Cc2ccc(F)c(F)c2)NC1=O,"['ac-', 'P', 'Me_dL', 'T', 'dPhe(3,4-diF)', 'Abu', 'dPhe(3,4-diF)', 'Me_dA', 'L', 'P']",L5_37,7119,-5.6,10,7,Lariat
7120,2021_Kelly,CC(=O)N1CCC[C@H]1C(=O)N(C)[C@H](CC(C)C)C(=O)N[C@@H]1C(=O)N[C@H](Cc2ccc(F)cc2)C(=O)N[C@@H](CC(C)C)C(=O)N[C@H](CC(C)C)C(=O)N(C)[C@H](C)C(=O)N[C@@H](CC(C)C)C(=O)N2CCC[C@H]2C(=O)O[C@@H]1C,"['ac-', 'P', 'Me_dL', 'T', 'dPhe(4-F)', 'L', 'dL', 'Me_dA', 'L', 'P']",L5_38,7120,-5.6,10,7,Lariat
7121,2021_Kelly,CC(=O)N1CCC[C@H]1C(=O)N(C)[C@H](CC(C)C)C(=O)N[C@@H]1C(=O)N[C@H](CC(C)C)C(=O)N[C@@H](CC(C)C)C(=O)N[C@H](Cc2ccc(F)cc2)C(=O)N(C)[C@H](C)C(=O)N[C@@H](CC(C)C)C(=O)N2CCC[C@H]2C(=O)O[C@@H]1C,"['ac-', 'P', 'Me_dL', 'T', 'dL', 'L', 'dPhe(4-F)', 'Me_dA', 'L', 'P']",L5_39,7121,-5.54,10,7,Lariat
7122,2021_Kelly,CCC[C@H]1NC(=O)[C@H](Cc2ccc(OC)cc2)NC(=O)[C@@H](CC)NC(=O)[C@@H](NC(=O)[C@@H](CC(C)C)N(C)C(=O)[C@@H]2CCCN2C(C)=O)[C@@H](C)OC(=O)[C@@H]2CCCN2C(=O)[C@H](CC(C)C)NC(=O)[C@@H](C)N(C)C1=O,"['ac-', 'P', 'Me_dL', 'T', 'dAbu', 'Tyr(Me)', 'dNva', 'Me_dA', 'L', 'P']",L5_4,7122,-6.85,10,7,Lariat
7123,2021_Kelly,COc1ccc(C[C@@H]2NC(=O)[C@@H](Cc3ccccc3)NC(=O)[C@@H](NC(=O)[C@@H](CC(C)C)N(C)C(=O)[C@@H]3CCCN3C(C)=O)[C@@H](C)OC(=O)[C@@H]3CCCN3C(=O)[C@H](CC(C)C)NC(=O)[C@@H](C)N(C)C(=O)[C@@H](CC(C)C)NC2=O)cc1,"['ac-', 'P', 'Me_dL', 'T', 'dF', 'Tyr(Me)', 'dL', 'Me_dA', 'L', 'P']",L5_40,7123,-5.81,10,7,Lariat
7124,2021_Kelly,COc1ccc(C[C@@H]2NC(=O)[C@@H](CC(C)C)NC(=O)[C@@H](NC(=O)[C@@H](CC(C)C)N(C)C(=O)[C@@H]3CCCN3C(C)=O)[C@@H](C)OC(=O)[C@@H]3CCCN3C(=O)[C@H](CC(C)C)NC(=O)[C@@H](C)N(C)C(=O)[C@@H](Cc3ccccc3)NC2=O)cc1,"['ac-', 'P', 'Me_dL', 'T', 'dL', 'Tyr(Me)', 'dF', 'Me_dA', 'L', 'P']",L5_41,7124,-5.72,10,7,Lariat
7125,2021_Kelly,CCC[C@@H]1NC(=O)[C@@H](CCC)NC(=O)[C@@H](NC(=O)[C@@H](CC(C)C)N(C)C(=O)[C@@H]2CCCN2C(C)=O)[C@@H](C)OC(=O)[C@@H]2CCCN2C(=O)[C@H](CC(C)C)NC(=O)[C@@H](C)N(C)C(=O)[C@@H](CC2CCCCC2)NC1=O,"['ac-', 'P', 'Me_dL', 'T', 'dNva', 'Nva', 'dCha', 'Me_dA', 'L', 'P']",L5_42,7125,-5.4,10,7,Lariat
7126,2021_Kelly,CCC[C@@H]1NC(=O)[C@@H](CC)NC(=O)[C@@H](NC(=O)[C@@H](CC(C)C)N(C)C(=O)[C@@H]2CCCN2C(C)=O)[C@@H](C)OC(=O)[C@@H]2CCCN2C(=O)[C@H](CC(C)C)NC(=O)[C@@H](C)N(C)C(=O)[C@@H](Cc2cccc3ccccc23)NC1=O,"['ac-', 'P', 'Me_dL', 'T', 'dAbu', 'Nva', 'd1-Nal', 'Me_dA', 'L', 'P']",L5_43,7126,-5.62,10,7,Lariat
7127,2021_Kelly,CC[C@@H]1NC(=O)[C@@H](Cc2ccccc2)NC(=O)[C@@H](NC(=O)[C@@H](CC(C)C)N(C)C(=O)[C@@H]2CCCN2C(C)=O)[C@@H](C)OC(=O)[C@@H]2CCCN2C(=O)[C@H](CC(C)C)NC(=O)[C@@H](C)N(C)C(=O)[C@@H](CC2CCCCC2)NC1=O,"['ac-', 'P', 'Me_dL', 'T', 'dF', 'Abu', 'dCha', 'Me_dA', 'L', 'P']",L5_44,7127,-5.59,10,7,Lariat
7128,2021_Kelly,CC[C@H]1NC(=O)[C@H](Cc2ccccc2)NC(=O)[C@@H](CC2CCCCC2)NC(=O)[C@@H](NC(=O)[C@@H](CC(C)C)N(C)C(=O)[C@@H]2CCCN2C(C)=O)[C@@H](C)OC(=O)[C@@H]2CCCN2C(=O)[C@H](CC(C)C)NC(=O)[C@@H](C)N(C)C1=O,"['ac-', 'P', 'Me_dL', 'T', 'dCha', 'F', 'dAbu', 'Me_dA', 'L', 'P']",L5_45,7128,-5.41,10,7,Lariat
7129,2021_Kelly,CC[C@@H]1NC(=O)[C@@H](CC2CCCCC2)NC(=O)[C@@H](NC(=O)[C@@H](CC(C)C)N(C)C(=O)[C@@H]2CCCN2C(C)=O)[C@@H](C)OC(=O)[C@@H]2CCCN2C(=O)[C@H](CC(C)C)NC(=O)[C@@H](C)N(C)C(=O)[C@@H](Cc2ccccc2)NC1=O,"['ac-', 'P', 'Me_dL', 'T', 'dCha', 'Abu', 'dF', 'Me_dA', 'L', 'P']",L5_46,7129,-5.22,10,7,Lariat
7130,2021_Kelly,CC[C@H]1NC(=O)[C@H](Cc2ccc(OC)cc2)NC(=O)[C@@H](CC2CCCCC2)NC(=O)[C@@H](NC(=O)[C@@H](CC(C)C)N(C)C(=O)[C@@H]2CCCN2C(C)=O)[C@@H](C)OC(=O)[C@@H]2CCCN2C(=O)[C@H](CC(C)C)NC(=O)[C@@H](C)N(C)C1=O,"['ac-', 'P', 'Me_dL', 'T', 'dCha', 'Tyr(Me)', 'dAbu', 'Me_dA', 'L', 'P']",L5_47,7130,-5.64,10,7,Lariat
7131,2021_Kelly,CC[C@H]1NC(=O)[C@@H](NC(=O)[C@@H](CC(C)C)N(C)C(=O)[C@@H]2CCCN2C(C)=O)[C@@H](C)OC(=O)[C@@H]2CCCN2C(=O)[C@H](CC(C)C)NC(=O)[C@@H](C)N(C)C(=O)[C@@H](CC2CCCCC2)NC(=O)[C@H](Cc2ccc(OC)cc2)NC1=O,"['ac-', 'P', 'Me_dL', 'T', 'dAbu', 'Tyr(Me)', 'dCha', 'Me_dA', 'L', 'P']",L5_48,7131,-5.46,10,7,Lariat
7132,2021_Kelly,CC(=O)N1CCC[C@H]1C(=O)N(C)[C@H](CC(C)C)C(=O)N[C@@H]1C(=O)N[C@H](Cc2ccc(F)cc2)C(=O)N[C@@H](CC(C)C)C(=O)N[C@H](Cc2ccccc2)C(=O)N(C)[C@H](C)C(=O)N[C@@H](CC(C)C)C(=O)N2CCC[C@H]2C(=O)O[C@@H]1C,"['ac-', 'P', 'Me_dL', 'T', 'dPhe(4-F)', 'L', 'dF', 'Me_dA', 'L', 'P']",L5_49,7132,-5.58,10,7,Lariat
7133,2021_Kelly,CCC[C@@H]1NC(=O)[C@@H](Cc2ccc(F)cc2)NC(=O)[C@@H](NC(=O)[C@@H](CC(C)C)N(C)C(=O)[C@@H]2CCCN2C(C)=O)[C@@H](C)OC(=O)[C@@H]2CCCN2C(=O)[C@H](CC(C)C)NC(=O)[C@@H](C)N(C)C(=O)[C@@H](CC)NC1=O,"['ac-', 'P', 'Me_dL', 'T', 'dPhe(4-F)', 'Nva', 'dAbu', 'Me_dA', 'L', 'P']",L5_5,7133,-6.13,10,7,Lariat
7134,2021_Kelly,CC(=O)N1CCC[C@H]1C(=O)N(C)[C@H](CC(C)C)C(=O)N[C@@H]1C(=O)N[C@H](CC(C)C)C(=O)N[C@@H](Cc2ccccc2)C(=O)N[C@H](Cc2ccc(F)cc2)C(=O)N(C)[C@H](C)C(=O)N[C@@H](CC(C)C)C(=O)N2CCC[C@H]2C(=O)O[C@@H]1C,"['ac-', 'P', 'Me_dL', 'T', 'dL', 'F', 'dPhe(4-F)', 'Me_dA', 'L', 'P']",L5_50,7134,-5.66,10,7,Lariat
7135,2021_Kelly,COc1ccc(C[C@@H]2NC(=O)[C@@H](Cc3ccc(F)cc3)NC(=O)[C@@H](NC(=O)[C@@H](CC(C)C)N(C)C(=O)[C@@H]3CCCN3C(C)=O)[C@@H](C)OC(=O)[C@@H]3CCCN3C(=O)[C@H](CC(C)C)NC(=O)[C@@H](C)N(C)C(=O)[C@@H](CC(C)C)NC2=O)cc1,"['ac-', 'P', 'Me_dL', 'T', 'dPhe(4-F)', 'Tyr(Me)', 'dL', 'Me_dA', 'L', 'P']",L5_51,7135,-5.68,10,7,Lariat
7136,2021_Kelly,COc1ccc(C[C@@H]2NC(=O)[C@@H](Cc3ccccc3)NC(=O)[C@@H](NC(=O)[C@@H](CC(C)C)N(C)C(=O)[C@@H]3CCCN3C(C)=O)[C@@H](C)OC(=O)[C@@H]3CCCN3C(=O)[C@H](CC(C)C)NC(=O)[C@@H](C)N(C)C(=O)[C@@H](Cc3ccccc3)NC2=O)cc1,"['ac-', 'P', 'Me_dL', 'T', 'dF', 'Tyr(Me)', 'dF', 'Me_dA', 'L', 'P']",L5_52,7136,-6.19,10,7,Lariat
7137,2021_Kelly,CC[C@H]1NC(=O)[C@@H](NC(=O)[C@@H](CC(C)C)N(C)C(=O)[C@@H]2CCCN2C(C)=O)[C@@H](C)OC(=O)[C@@H]2CCCN2C(=O)[C@H](CC(C)C)NC(=O)[C@@H](C)N(C)C(=O)[C@@H](CC2CCCCC2)NC(=O)[C@H](Cc2ccc(F)cc2)NC1=O,"['ac-', 'P', 'Me_dL', 'T', 'dAbu', 'Phe(4-F)', 'dCha', 'Me_dA', 'L', 'P']",L5_53,7137,-6.0,10,7,Lariat
7138,2021_Kelly,CC(=O)N1CCC[C@H]1C(=O)N(C)[C@H](CC(C)C)C(=O)N[C@@H]1C(=O)N[C@H](Cc2ccc(F)c(F)c2)C(=O)N[C@@H](CC(C)C)C(=O)N[C@H](Cc2ccccc2)C(=O)N(C)[C@H](C)C(=O)N[C@@H](CC(C)C)C(=O)N2CCC[C@H]2C(=O)O[C@@H]1C,"['ac-', 'P', 'Me_dL', 'T', 'dPhe(3,4-diF)', 'L', 'dF', 'Me_dA', 'L', 'P']",L5_54,7138,-5.52,10,7,Lariat
7139,2021_Kelly,CC(=O)N1CCC[C@H]1C(=O)N(C)[C@H](CC(C)C)C(=O)N[C@@H]1C(=O)N[C@H](Cc2ccccc2)C(=O)N[C@@H](CC(C)C)C(=O)N[C@H](Cc2ccc(F)c(F)c2)C(=O)N(C)[C@H](C)C(=O)N[C@@H](CC(C)C)C(=O)N2CCC[C@H]2C(=O)O[C@@H]1C,"['ac-', 'P', 'Me_dL', 'T', 'dF', 'L', 'dPhe(3,4-diF)', 'Me_dA', 'L', 'P']",L5_55,7139,-5.51,10,7,Lariat
7140,2021_Kelly,CC(=O)N1CCC[C@H]1C(=O)N(C)[C@H](CC(C)C)C(=O)N[C@@H]1C(=O)N[C@H](CC(C)C)C(=O)N[C@@H](Cc2ccccc2)C(=O)N[C@H](Cc2ccc(F)c(F)c2)C(=O)N(C)[C@H](C)C(=O)N[C@@H](CC(C)C)C(=O)N2CCC[C@H]2C(=O)O[C@@H]1C,"['ac-', 'P', 'Me_dL', 'T', 'dL', 'F', 'dPhe(3,4-diF)', 'Me_dA', 'L', 'P']",L5_56,7140,-5.58,10,7,Lariat
7141,2021_Kelly,CCC[C@@H]1NC(=O)[C@@H](CC2CCCCC2)NC(=O)[C@@H](NC(=O)[C@@H](CC(C)C)N(C)C(=O)[C@@H]2CCCN2C(C)=O)[C@@H](C)OC(=O)[C@@H]2CCCN2C(=O)[C@H](CC(C)C)NC(=O)[C@@H](C)N(C)C(=O)[C@@H](CC(C)C)NC1=O,"['ac-', 'P', 'Me_dL', 'T', 'dCha', 'Nva', 'dL', 'Me_dA', 'L', 'P']",L5_57,7141,-5.44,10,7,Lariat
7142,2021_Kelly,CCC[C@H]1NC(=O)[C@@H](NC(=O)[C@@H](CC(C)C)N(C)C(=O)[C@@H]2CCCN2C(C)=O)[C@@H](C)OC(=O)[C@@H]2CCCN2C(=O)[C@H](CC(C)C)NC(=O)[C@@H](C)N(C)C(=O)[C@@H](CC2CCCCC2)NC(=O)[C@H](CC(C)C)NC1=O,"['ac-', 'P', 'Me_dL', 'T', 'dNva', 'L', 'dCha', 'Me_dA', 'L', 'P']",L5_58,7142,-5.69,10,7,Lariat
7143,2021_Kelly,COc1ccc(C[C@@H]2NC(=O)[C@@H](CC(C)C)NC(=O)[C@@H](NC(=O)[C@@H](CC(C)C)N(C)C(=O)[C@@H]3CCCN3C(C)=O)[C@@H](C)OC(=O)[C@@H]3CCCN3C(=O)[C@H](CC(C)C)NC(=O)[C@@H](C)N(C)C(=O)[C@@H](Cc3ccc(F)c(F)c3)NC2=O)cc1,"['ac-', 'P', 'Me_dL', 'T', 'dL', 'Tyr(Me)', 'dPhe(3,4-diF)', 'Me_dA', 'L', 'P']",L5_59,7143,-5.76,10,7,Lariat
7144,2021_Kelly,CCC[C@@H]1NC(=O)[C@@H](CC)NC(=O)[C@@H](NC(=O)[C@@H](CC(C)C)N(C)C(=O)[C@@H]2CCCN2C(C)=O)[C@@H](C)OC(=O)[C@@H]2CCCN2C(=O)[C@H](CC(C)C)NC(=O)[C@@H](C)N(C)C(=O)[C@@H](Cc2ccc(F)cc2)NC1=O,"['ac-', 'P', 'Me_dL', 'T', 'dAbu', 'Nva', 'dPhe(4-F)', 'Me_dA', 'L', 'P']",L5_6,7144,-5.96,10,7,Lariat
7145,2021_Kelly,CC[C@H]1NC(=O)[C@@H](NC(=O)[C@@H](CC(C)C)N(C)C(=O)[C@@H]2CCCN2C(C)=O)[C@@H](C)OC(=O)[C@@H]2CCCN2C(=O)[C@H](CC(C)C)NC(=O)[C@@H](C)N(C)C(=O)[C@@H](Cc2cccc3ccccc23)NC(=O)[C@H](CC(C)C)NC1=O,"['ac-', 'P', 'Me_dL', 'T', 'dAbu', 'L', 'd1-Nal', 'Me_dA', 'L', 'P']",L5_60,7145,-5.64,10,7,Lariat
7146,2021_Kelly,CC[C@@H]1NC(=O)[C@@H](CC2CCCCC2)NC(=O)[C@@H](NC(=O)[C@@H](CC(C)C)N(C)C(=O)[C@@H]2CCCN2C(C)=O)[C@@H](C)OC(=O)[C@@H]2CCCN2C(=O)[C@H](CC(C)C)NC(=O)[C@@H](C)N(C)C(=O)[C@@H](Cc2ccc(F)c(F)c2)NC1=O,"['ac-', 'P', 'Me_dL', 'T', 'dCha', 'Abu', 'dPhe(3,4-diF)', 'Me_dA', 'L', 'P']",L5_61,7146,-5.41,10,7,Lariat
7147,2021_Kelly,CC(=O)N1CCC[C@H]1C(=O)N(C)[C@H](CC(C)C)C(=O)N[C@@H]1C(=O)N[C@H](Cc2ccccc2)C(=O)N[C@@H](CCc2ccccc2)C(=O)N[C@H](CC(C)C)C(=O)N(C)[C@H](C)C(=O)N[C@@H](CC(C)C)C(=O)N2CCC[C@H]2C(=O)O[C@@H]1C,"['ac-', 'P', 'Me_dL', 'T', 'dF', 'Hph', 'dL', 'Me_dA', 'L', 'P']",L5_62,7147,-5.36,10,7,Lariat
7148,2021_Kelly,CC(=O)N1CCC[C@H]1C(=O)N(C)[C@H](CC(C)C)C(=O)N[C@@H]1C(=O)N[C@H](Cc2ccc(F)cc2)C(=O)N[C@@H](CC(C)C)C(=O)N[C@H](Cc2ccc(F)c(F)c2)C(=O)N(C)[C@H](C)C(=O)N[C@@H](CC(C)C)C(=O)N2CCC[C@H]2C(=O)O[C@@H]1C,"['ac-', 'P', 'Me_dL', 'T', 'dPhe(4-F)', 'L', 'dPhe(3,4-diF)', 'Me_dA', 'L', 'P']",L5_63,7148,-5.58,10,7,Lariat
7149,2021_Kelly,CCC[C@@H]1NC(=O)[C@@H](CCC)NC(=O)[C@@H](NC(=O)[C@@H](CC(C)C)N(C)C(=O)[C@@H]2CCCN2C(C)=O)[C@@H](C)OC(=O)[C@@H]2CCCN2C(=O)[C@H](CC(C)C)NC(=O)[C@@H](C)N(C)C(=O)[C@@H](Cc2cccc3ccccc23)NC1=O,"['ac-', 'P', 'Me_dL', 'T', 'dNva', 'Nva', 'd1-Nal', 'Me_dA', 'L', 'P']",L5_64,7149,-5.39,10,7,Lariat
7150,2021_Kelly,CC(=O)N1CCC[C@H]1C(=O)N(C)[C@H](CC(C)C)C(=O)N[C@@H]1C(=O)N[C@H](Cc2ccc(F)cc2)C(=O)N[C@@H](Cc2ccc(F)cc2)C(=O)N[C@H](Cc2ccccc2)C(=O)N(C)[C@H](C)C(=O)N[C@@H](CC(C)C)C(=O)N2CCC[C@H]2C(=O)O[C@@H]1C,"['ac-', 'P', 'Me_dL', 'T', 'dPhe(4-F)', 'Phe(4-F)', 'dF', 'Me_dA', 'L', 'P']",L5_65,7150,-5.82,10,7,Lariat
7151,2021_Kelly,CC(=O)N1CCC[C@H]1C(=O)N(C)[C@H](CC(C)C)C(=O)N[C@@H]1C(=O)N[C@H](Cc2ccc(F)c(F)c2)C(=O)N[C@@H](Cc2ccccc2)C(=O)N[C@H](Cc2ccccc2)C(=O)N(C)[C@H](C)C(=O)N[C@@H](CC(C)C)C(=O)N2CCC[C@H]2C(=O)O[C@@H]1C,"['ac-', 'P', 'Me_dL', 'T', 'dPhe(3,4-diF)', 'F', 'dF', 'Me_dA', 'L', 'P']",L5_66,7151,-5.82,10,7,Lariat
7152,2021_Kelly,CC(=O)N1CCC[C@H]1C(=O)N(C)[C@H](CC(C)C)C(=O)N[C@@H]1C(=O)N[C@H](Cc2ccccc2)C(=O)N[C@@H](Cc2ccccc2)C(=O)N[C@H](Cc2ccc(F)c(F)c2)C(=O)N(C)[C@H](C)C(=O)N[C@@H](CC(C)C)C(=O)N2CCC[C@H]2C(=O)O[C@@H]1C,"['ac-', 'P', 'Me_dL', 'T', 'dF', 'F', 'dPhe(3,4-diF)', 'Me_dA', 'L', 'P']",L5_67,7152,-5.78,10,7,Lariat
7153,2021_Kelly,CC[C@H]1NC(=O)[C@@H](NC(=O)[C@@H](CC(C)C)N(C)C(=O)[C@@H]2CCCN2C(C)=O)[C@@H](C)OC(=O)[C@@H]2CCCN2C(=O)[C@H](CC(C)C)NC(=O)[C@@H](C)N(C)C(=O)[C@@H](CC2CCCCC2)NC(=O)[C@H](CCc2ccccc2)NC1=O,"['ac-', 'P', 'Me_dL', 'T', 'dAbu', 'Hph', 'dCha', 'Me_dA', 'L', 'P']",L5_68,7153,-5.96,10,7,Lariat
7154,2021_Kelly,CCC[C@@H]1NC(=O)[C@@H](CC2CCCCC2)NC(=O)[C@@H](NC(=O)[C@@H](CC(C)C)N(C)C(=O)[C@@H]2CCCN2C(C)=O)[C@@H](C)OC(=O)[C@@H]2CCCN2C(=O)[C@H](CC(C)C)NC(=O)[C@@H](C)N(C)C(=O)[C@@H](Cc2ccccc2)NC1=O,"['ac-', 'P', 'Me_dL', 'T', 'dCha', 'Nva', 'dF', 'Me_dA', 'L', 'P']",L5_69,7154,-5.53,10,7,Lariat
7155,2021_Kelly,CCC[C@H]1NC(=O)[C@@H](NC(=O)[C@@H](CC(C)C)N(C)C(=O)[C@@H]2CCCN2C(C)=O)[C@@H](C)OC(=O)[C@@H]2CCCN2C(=O)[C@H](CC(C)C)NC(=O)[C@@H](C)N(C)C(=O)[C@@H](CCC)NC(=O)[C@H](CC(C)C)NC1=O,"['ac-', 'P', 'Me_dL', 'T', 'dNva', 'L', 'dNva', 'Me_dA', 'L', 'P']",L5_7,7155,-5.91,10,7,Lariat
7156,2021_Kelly,CCC[C@H]1NC(=O)[C@H](Cc2ccccc2)NC(=O)[C@@H](CC2CCCCC2)NC(=O)[C@@H](NC(=O)[C@@H](CC(C)C)N(C)C(=O)[C@@H]2CCCN2C(C)=O)[C@@H](C)OC(=O)[C@@H]2CCCN2C(=O)[C@H](CC(C)C)NC(=O)[C@@H](C)N(C)C1=O,"['ac-', 'P', 'Me_dL', 'T', 'dCha', 'F', 'dNva', 'Me_dA', 'L', 'P']",L5_70,7156,-5.33,10,7,Lariat
7157,2021_Kelly,COc1ccc(C[C@@H]2NC(=O)[C@@H](Cc3ccccc3)NC(=O)[C@@H](NC(=O)[C@@H](CC(C)C)N(C)C(=O)[C@@H]3CCCN3C(C)=O)[C@@H](C)OC(=O)[C@@H]3CCCN3C(=O)[C@H](CC(C)C)NC(=O)[C@@H](C)N(C)C(=O)[C@@H](Cc3ccc(F)c(F)c3)NC2=O)cc1,"['ac-', 'P', 'Me_dL', 'T', 'dF', 'Tyr(Me)', 'dPhe(3,4-diF)', 'Me_dA', 'L', 'P']",L5_71,7157,-5.92,10,7,Lariat
7158,2021_Kelly,CCC[C@H]1NC(=O)[C@H](Cc2ccc(OC)cc2)NC(=O)[C@@H](CC2CCCCC2)NC(=O)[C@@H](NC(=O)[C@@H](CC(C)C)N(C)C(=O)[C@@H]2CCCN2C(C)=O)[C@@H](C)OC(=O)[C@@H]2CCCN2C(=O)[C@H](CC(C)C)NC(=O)[C@@H](C)N(C)C1=O,"['ac-', 'P', 'Me_dL', 'T', 'dCha', 'Tyr(Me)', 'dNva', 'Me_dA', 'L', 'P']",L5_72,7158,-5.95,10,7,Lariat
7159,2021_Kelly,CCC[C@H]1NC(=O)[C@@H](NC(=O)[C@@H](CC(C)C)N(C)C(=O)[C@@H]2CCCN2C(C)=O)[C@@H](C)OC(=O)[C@@H]2CCCN2C(=O)[C@H](CC(C)C)NC(=O)[C@@H](C)N(C)C(=O)[C@@H](CC2CCCCC2)NC(=O)[C@H](Cc2ccc(OC)cc2)NC1=O,"['ac-', 'P', 'Me_dL', 'T', 'dNva', 'Tyr(Me)', 'dCha', 'Me_dA', 'L', 'P']",L5_73,7159,-6.85,10,7,Lariat
7160,2021_Kelly,CC[C@H]1NC(=O)[C@@H](NC(=O)[C@@H](CC(C)C)N(C)C(=O)[C@@H]2CCCN2C(C)=O)[C@@H](C)OC(=O)[C@@H]2CCCN2C(=O)[C@H](CC(C)C)NC(=O)[C@@H](C)N(C)C(=O)[C@@H](Cc2cccc3ccccc23)NC(=O)[C@H](Cc2ccccc2)NC1=O,"['ac-', 'P', 'Me_dL', 'T', 'dAbu', 'F', 'd1-Nal', 'Me_dA', 'L', 'P']",L5_74,7160,-5.47,10,7,Lariat
7161,2021_Kelly,CC[C@H]1NC(=O)[C@@H](NC(=O)[C@@H](CC(C)C)N(C)C(=O)[C@@H]2CCCN2C(C)=O)[C@@H](C)OC(=O)[C@@H]2CCCN2C(=O)[C@H](CC(C)C)NC(=O)[C@@H](C)N(C)C(=O)[C@@H](Cc2cccc3ccccc23)NC(=O)[C@H](Cc2ccc(OC)cc2)NC1=O,"['ac-', 'P', 'Me_dL', 'T', 'dAbu', 'Tyr(Me)', 'd1-Nal', 'Me_dA', 'L', 'P']",L5_75,7161,-5.64,10,7,Lariat
7162,2021_Kelly,CC(=O)N1CCC[C@H]1C(=O)N(C)[C@H](CC(C)C)C(=O)N[C@@H]1C(=O)N[C@H](Cc2ccc(F)cc2)C(=O)N[C@@H](CCc2ccccc2)C(=O)N[C@H](CC(C)C)C(=O)N(C)[C@H](C)C(=O)N[C@@H](CC(C)C)C(=O)N2CCC[C@H]2C(=O)O[C@@H]1C,"['ac-', 'P', 'Me_dL', 'T', 'dPhe(4-F)', 'Hph', 'dL', 'Me_dA', 'L', 'P']",L5_76,7162,-5.47,10,7,Lariat
7163,2021_Kelly,CC(=O)N1CCC[C@H]1C(=O)N(C)[C@H](CC(C)C)C(=O)N[C@@H]1C(=O)N[C@H](CC(C)C)C(=O)N[C@@H](CCc2ccccc2)C(=O)N[C@H](Cc2ccc(F)cc2)C(=O)N(C)[C@H](C)C(=O)N[C@@H](CC(C)C)C(=O)N2CCC[C@H]2C(=O)O[C@@H]1C,"['ac-', 'P', 'Me_dL', 'T', 'dL', 'Hph', 'dPhe(4-F)', 'Me_dA', 'L', 'P']",L5_77,7163,-5.3,10,7,Lariat
7164,2021_Kelly,CC(=O)N1CCC[C@H]1C(=O)N(C)[C@H](CC(C)C)C(=O)N[C@@H]1C(=O)N[C@H](CC2CCCCC2)C(=O)N[C@@H](CC(C)C)C(=O)N[C@H](CC(C)C)C(=O)N(C)[C@H](C)C(=O)N[C@@H](CC(C)C)C(=O)N2CCC[C@H]2C(=O)O[C@@H]1C,"['ac-', 'P', 'Me_dL', 'T', 'dCha', 'L', 'dL', 'Me_dA', 'L', 'P']",L5_78,7164,-5.66,10,7,Lariat
7165,2021_Kelly,CC(=O)N1CCC[C@H]1C(=O)N(C)[C@H](CC(C)C)C(=O)N[C@@H]1C(=O)N[C@H](CC(C)C)C(=O)N[C@@H](CC(C)C)C(=O)N[C@H](CC2CCCCC2)C(=O)N(C)[C@H](C)C(=O)N[C@@H](CC(C)C)C(=O)N2CCC[C@H]2C(=O)O[C@@H]1C,"['ac-', 'P', 'Me_dL', 'T', 'dL', 'L', 'dCha', 'Me_dA', 'L', 'P']",L5_79,7165,-5.76,10,7,Lariat
7166,2021_Kelly,CC[C@@H]1NC(=O)[C@@H](CC)NC(=O)[C@@H](NC(=O)[C@@H](CC(C)C)N(C)C(=O)[C@@H]2CCCN2C(C)=O)[C@@H](C)OC(=O)[C@@H]2CCCN2C(=O)[C@H](CC(C)C)NC(=O)[C@@H](C)N(C)C(=O)[C@@H](CC2CCCCC2)NC1=O,"['ac-', 'P', 'Me_dL', 'T', 'dAbu', 'Abu', 'dCha', 'Me_dA', 'L', 'P']",L5_8,7166,-5.66,10,7,Lariat
7167,2021_Kelly,CC(=O)N1CCC[C@H]1C(=O)N(C)[C@H](CC(C)C)C(=O)N[C@@H]1C(=O)N[C@H](Cc2ccc(F)c(F)c2)C(=O)N[C@@H](CC(C)C)C(=O)N[C@H](Cc2ccc(F)c(F)c2)C(=O)N(C)[C@H](C)C(=O)N[C@@H](CC(C)C)C(=O)N2CCC[C@H]2C(=O)O[C@@H]1C,"['ac-', 'P', 'Me_dL', 'T', 'dPhe(3,4-diF)', 'L', 'dPhe(3,4-diF)', 'Me_dA', 'L', 'P']",L5_80,7167,-5.55,10,7,Lariat
7168,2021_Kelly,CC(=O)N1CCC[C@H]1C(=O)N(C)[C@H](CC(C)C)C(=O)N[C@@H]1C(=O)N[C@H](Cc2ccccc2)C(=O)N[C@@H](CCc2ccccc2)C(=O)N[C@H](Cc2ccccc2)C(=O)N(C)[C@H](C)C(=O)N[C@@H](CC(C)C)C(=O)N2CCC[C@H]2C(=O)O[C@@H]1C,"['ac-', 'P', 'Me_dL', 'T', 'dF', 'Hph', 'dF', 'Me_dA', 'L', 'P']",L5_81,7168,-5.58,10,7,Lariat
7169,2021_Kelly,CCC[C@H]1NC(=O)[C@@H](NC(=O)[C@@H](CC(C)C)N(C)C(=O)[C@@H]2CCCN2C(C)=O)[C@@H](C)OC(=O)[C@@H]2CCCN2C(=O)[C@H](CC(C)C)NC(=O)[C@@H](C)N(C)C(=O)[C@@H](CC2CCCCC2)NC(=O)[C@H](Cc2ccc(F)cc2)NC1=O,"['ac-', 'P', 'Me_dL', 'T', 'dNva', 'Phe(4-F)', 'dCha', 'Me_dA', 'L', 'P']",L5_82,7169,-6.03,10,7,Lariat
7170,2021_Kelly,CCC[C@@H]1NC(=O)[C@@H](Cc2cccc3ccccc23)NC(=O)[C@@H](NC(=O)[C@@H](CC(C)C)N(C)C(=O)[C@@H]2CCCN2C(C)=O)[C@@H](C)OC(=O)[C@@H]2CCCN2C(=O)[C@H](CC(C)C)NC(=O)[C@@H](C)N(C)C(=O)[C@@H](CC(C)C)NC1=O,"['ac-', 'P', 'Me_dL', 'T', 'd1-Nal', 'Nva', 'dL', 'Me_dA', 'L', 'P']",L5_83,7170,-5.32,10,7,Lariat
7171,2021_Kelly,CCC[C@H]1NC(=O)[C@@H](NC(=O)[C@@H](CC(C)C)N(C)C(=O)[C@@H]2CCCN2C(C)=O)[C@@H](C)OC(=O)[C@@H]2CCCN2C(=O)[C@H](CC(C)C)NC(=O)[C@@H](C)N(C)C(=O)[C@@H](Cc2cccc3ccccc23)NC(=O)[C@H](CC(C)C)NC1=O,"['ac-', 'P', 'Me_dL', 'T', 'dNva', 'L', 'd1-Nal', 'Me_dA', 'L', 'P']",L5_84,7171,-5.14,10,7,Lariat
7172,2021_Kelly,CC(=O)N1CCC[C@H]1C(=O)N(C)[C@H](CC(C)C)C(=O)N[C@@H]1C(=O)N[C@H](Cc2ccc(F)cc2)C(=O)N[C@@H](CCc2ccccc2)C(=O)N[C@H](Cc2ccccc2)C(=O)N(C)[C@H](C)C(=O)N[C@@H](CC(C)C)C(=O)N2CCC[C@H]2C(=O)O[C@@H]1C,"['ac-', 'P', 'Me_dL', 'T', 'dPhe(4-F)', 'Hph', 'dF', 'Me_dA', 'L', 'P']",L5_85,7172,-6.0,10,7,Lariat
7173,2021_Kelly,CC(=O)N1CCC[C@H]1C(=O)N(C)[C@H](CC(C)C)C(=O)N[C@@H]1C(=O)N[C@H](Cc2ccccc2)C(=O)N[C@@H](CCc2ccccc2)C(=O)N[C@H](Cc2ccc(F)cc2)C(=O)N(C)[C@H](C)C(=O)N[C@@H](CC(C)C)C(=O)N2CCC[C@H]2C(=O)O[C@@H]1C,"['ac-', 'P', 'Me_dL', 'T', 'dF', 'Hph', 'dPhe(4-F)', 'Me_dA', 'L', 'P']",L5_86,7173,-5.77,10,7,Lariat
7174,2021_Kelly,CC(=O)N1CCC[C@H]1C(=O)N(C)[C@H](CC(C)C)C(=O)N[C@@H]1C(=O)N[C@H](Cc2ccccc2)C(=O)N[C@@H](CC(C)C)C(=O)N[C@H](CC2CCCCC2)C(=O)N(C)[C@H](C)C(=O)N[C@@H](CC(C)C)C(=O)N2CCC[C@H]2C(=O)O[C@@H]1C,"['ac-', 'P', 'Me_dL', 'T', 'dF', 'L', 'dCha', 'Me_dA', 'L', 'P']",L5_87,7174,-6.03,10,7,Lariat
7175,2021_Kelly,CC(=O)N1CCC[C@H]1C(=O)N(C)[C@H](CC(C)C)C(=O)N[C@@H]1C(=O)N[C@H](CC(C)C)C(=O)N[C@@H](Cc2ccccc2)C(=O)N[C@H](CC2CCCCC2)C(=O)N(C)[C@H](C)C(=O)N[C@@H](CC(C)C)C(=O)N2CCC[C@H]2C(=O)O[C@@H]1C,"['ac-', 'P', 'Me_dL', 'T', 'dL', 'F', 'dCha', 'Me_dA', 'L', 'P']",L5_88,7175,-5.15,10,7,Lariat
7176,2021_Kelly,CC(=O)N1CCC[C@H]1C(=O)N(C)[C@H](CC(C)C)C(=O)N[C@@H]1C(=O)N[C@H](Cc2ccc(F)c(F)c2)C(=O)N[C@@H](Cc2ccccc2)C(=O)N[C@H](Cc2ccc(F)c(F)c2)C(=O)N(C)[C@H](C)C(=O)N[C@@H](CC(C)C)C(=O)N2CCC[C@H]2C(=O)O[C@@H]1C,"['ac-', 'P', 'Me_dL', 'T', 'dPhe(3,4-diF)', 'F', 'dPhe(3,4-diF)', 'Me_dA', 'L', 'P']",L5_89,7176,-6.13,10,7,Lariat
7177,2021_Kelly,CCC[C@H]1NC(=O)[C@@H](NC(=O)[C@@H](CC(C)C)N(C)C(=O)[C@@H]2CCCN2C(C)=O)[C@@H](C)OC(=O)[C@@H]2CCCN2C(=O)[C@H](CC(C)C)NC(=O)[C@@H](C)N(C)C(=O)[C@@H](CCC)NC(=O)[C@H](Cc2ccccc2)NC1=O,"['ac-', 'P', 'Me_dL', 'T', 'dNva', 'F', 'dNva', 'Me_dA', 'L', 'P']",L5_9,7177,-5.71,10,7,Lariat
7178,2021_Kelly,CCC[C@@H]1NC(=O)[C@@H](CC2CCCCC2)NC(=O)[C@@H](NC(=O)[C@@H](CC(C)C)N(C)C(=O)[C@@H]2CCCN2C(C)=O)[C@@H](C)OC(=O)[C@@H]2CCCN2C(=O)[C@H](CC(C)C)NC(=O)[C@@H](C)N(C)C(=O)[C@@H](Cc2ccc(F)c(F)c2)NC1=O,"['ac-', 'P', 'Me_dL', 'T', 'dCha', 'Nva', 'dPhe(3,4-diF)', 'Me_dA', 'L', 'P']",L5_90,7178,-5.74,10,7,Lariat
7179,2021_Kelly,CC[C@@H]1NC(=O)[C@@H](Cc2ccc(F)c(F)c2)NC(=O)[C@@H](NC(=O)[C@@H](CC(C)C)N(C)C(=O)[C@@H]2CCCN2C(C)=O)[C@@H](C)OC(=O)[C@@H]2CCCN2C(=O)[C@H](CC(C)C)NC(=O)[C@@H](C)N(C)C(=O)[C@@H](Cc2cccc3ccccc23)NC1=O,"['ac-', 'P', 'Me_dL', 'T', 'dPhe(3,4-diF)', 'Abu', 'd1-Nal', 'Me_dA', 'L', 'P']",L5_91,7179,-5.81,10,7,Lariat
7180,2021_Kelly,CC[C@@H]1NC(=O)[C@@H](CC2CCCCC2)NC(=O)[C@@H](NC(=O)[C@@H](CC(C)C)N(C)C(=O)[C@@H]2CCCN2C(C)=O)[C@@H](C)OC(=O)[C@@H]2CCCN2C(=O)[C@H](CC(C)C)NC(=O)[C@@H](C)N(C)C(=O)[C@@H](CC2CCCCC2)NC1=O,"['ac-', 'P', 'Me_dL', 'T', 'dCha', 'Abu', 'dCha', 'Me_dA', 'L', 'P']",L5_92,7180,-6.01,10,7,Lariat
7181,2021_Kelly,CC(=O)N1CCC[C@H]1C(=O)N(C)[C@H](CC(C)C)C(=O)N[C@@H]1C(=O)N[C@H](Cc2ccc(F)c(F)c2)C(=O)N[C@@H](CCc2ccccc2)C(=O)N[C@H](Cc2ccccc2)C(=O)N(C)[C@H](C)C(=O)N[C@@H](CC(C)C)C(=O)N2CCC[C@H]2C(=O)O[C@@H]1C,"['ac-', 'P', 'Me_dL', 'T', 'dPhe(3,4-diF)', 'Hph', 'dF', 'Me_dA', 'L', 'P']",L5_93,7181,-6.23,10,7,Lariat
7182,2021_Kelly,CC(=O)N1CCC[C@H]1C(=O)N(C)[C@H](CC(C)C)C(=O)N[C@@H]1C(=O)N[C@H](CC(C)C)C(=O)N[C@@H](Cc2ccc(F)cc2)C(=O)N[C@H](CC2CCCCC2)C(=O)N(C)[C@H](C)C(=O)N[C@@H](CC(C)C)C(=O)N2CCC[C@H]2C(=O)O[C@@H]1C,"['ac-', 'P', 'Me_dL', 'T', 'dL', 'Phe(4-F)', 'dCha', 'Me_dA', 'L', 'P']",L5_94,7182,-6.85,10,7,Lariat
7183,2021_Kelly,CCC[C@H]1NC(=O)[C@@H](NC(=O)[C@@H](CC(C)C)N(C)C(=O)[C@@H]2CCCN2C(C)=O)[C@@H](C)OC(=O)[C@@H]2CCCN2C(=O)[C@H](CC(C)C)NC(=O)[C@@H](C)N(C)C(=O)[C@@H](CC2CCCCC2)NC(=O)[C@H](CCc2ccccc2)NC1=O,"['ac-', 'P', 'Me_dL', 'T', 'dNva', 'Hph', 'dCha', 'Me_dA', 'L', 'P']",L5_95,7183,-5.83,10,7,Lariat
7184,2021_Kelly,CCC[C@H]1NC(=O)[C@@H](NC(=O)[C@@H](CC(C)C)N(C)C(=O)[C@@H]2CCCN2C(C)=O)[C@@H](C)OC(=O)[C@@H]2CCCN2C(=O)[C@H](CC(C)C)NC(=O)[C@@H](C)N(C)C(=O)[C@@H](Cc2cccc3ccccc23)NC(=O)[C@H](Cc2ccc(OC)cc2)NC1=O,"['ac-', 'P', 'Me_dL', 'T', 'dNva', 'Tyr(Me)', 'd1-Nal', 'Me_dA', 'L', 'P']",L5_96,7184,-5.84,10,7,Lariat
7185,2021_Kelly,CC(=O)N1CCC[C@H]1C(=O)N(C)[C@H](CC(C)C)C(=O)N[C@@H]1C(=O)N[C@H](Cc2ccccc2)C(=O)N[C@@H](Cc2ccccc2)C(=O)N[C@H](CC2CCCCC2)C(=O)N(C)[C@H](C)C(=O)N[C@@H](CC(C)C)C(=O)N2CCC[C@H]2C(=O)O[C@@H]1C,"['ac-', 'P', 'Me_dL', 'T', 'dF', 'F', 'dCha', 'Me_dA', 'L', 'P']",L5_97,7185,-5.37,10,7,Lariat
7186,2021_Kelly,COc1ccc(C[C@@H]2NC(=O)[C@@H](CC3CCCCC3)NC(=O)[C@@H](NC(=O)[C@@H](CC(C)C)N(C)C(=O)[C@@H]3CCCN3C(C)=O)[C@@H](C)OC(=O)[C@@H]3CCCN3C(=O)[C@H](CC(C)C)NC(=O)[C@@H](C)N(C)C(=O)[C@@H](Cc3ccccc3)NC2=O)cc1,"['ac-', 'P', 'Me_dL', 'T', 'dCha', 'Tyr(Me)', 'dF', 'Me_dA', 'L', 'P']",L5_98,7186,-6.5,10,7,Lariat
7187,2021_Kelly,CC(=O)N1CCC[C@H]1C(=O)N(C)[C@H](CC(C)C)C(=O)N[C@@H]1C(=O)N[C@H](CC(C)C)C(=O)N[C@@H](CC(C)C)C(=O)N[C@H](Cc2cccc3ccccc23)C(=O)N(C)[C@H](C)C(=O)N[C@@H](CC(C)C)C(=O)N2CCC[C@H]2C(=O)O[C@@H]1C,"['ac-', 'P', 'Me_dL', 'T', 'dL', 'L', 'd1-Nal', 'Me_dA', 'L', 'P']",L5_99,7187,-5.89,10,7,Lariat
